Name,Subitems,Version,Site Name,IBD Audit Code,Trust/Health Board,Trust/Health Board IBD Code,IBD Service,Service IBD Code,Source,Source - SM,Auto Number,Adult/Paeds,Country,Clinical System,WebTool Use,Grant,NDA,IBD Sub-site code,ODS code,ODS Level,Registry 2020,Agrs 2020,QA 2021-22,Postcode,Finance breakdown 20-21,Quality Accounts,QA 2019-20
#staustell,,IBDR ARCHIVED,St Austell Community Hospital,IBD929,Cornwall Partnership NHS Foundation Trust,IBD738,St Austell Community Hospital,IBD449,ARCHIVE (ABH),ADDED Service IBD Code,46,Adult,England,,N/A,,,,,,,Note-Sept (same Trust),,PL26 6AA,,,
#gilbert,,IBDR ARCHIVED,Gilbert Bain Hospital,IBD911,NHS Shetland,IBD783,Gilbert Bain Hospital,IBD540,ARCHIVE (ABH),ADDED Service IBD Code,180,Adult,Scotland,,N/A,,,,,,,Note-Sept (same Trust),Scotland,ZE1 0LA,,,
#colman,,IBDR ARCHIVED,Colman Hospital,IBD932,Norfolk Community Health and Care NHS Trust,IBD785,Colman Hospital,IBD546,ARCHIVE (ABH),ADDED Service IBD Code,188,Adult,England,,N/A,,,,,,,Note-Sept (same Trust),,NR2 2PJ,,,
#goodmayes,,IBDR ARCHIVED,Goodmayes Hospital,IBD933,North East London NHS Foundation Trust,IBD788,Goodmayes Hospital,IBD548,ARCHIVE (ABH),ADDED Service IBD Code,192,Adult,England,,N/A,,,,,,,Note-Sept (same Trust),,IG3 8XJ,,,
#lymington,,IBDR ARCHIVED,Lymington New Forest Hospital,IBD953,Southern Health NHS Foundation Trust,IBD518,Lymington New Forest Hospital,IBD584,ARCHIVE (ABH),ADDED Service IBD Code,258,Adult,England,,N/A,,,,,,,Note-Sept (same Trust),,,,,
#stgeorges,,IBDR ARCHIVED,St George's Hospital,IBD040,St George's University Hospital NHS Foundation Trust,IBD421,St George's Hospital,IBD378,ARCHIVE (ABH),ADDED Service IBD Code,261,Adult,England,WDET,N/A,DEG 2018.19,,IBD040,RJ701,,,Sent Sept (Trust lead site),Declined,SW17 0QT,#stgeorges,No,Not Participating
#newham-p,,IBDR ARCHIVED,Newham University Hospital (Paediatric),IBD417,Barts Health NHS Trust,IBD706,Newham University Hospital (Paediatric),IBD688,ARCHIVE IBDR),ADDED Service IBD Code,14,Paediatric,England,PMS,VEST ONLY,,,,R1H12,Trust,,Note-Sept (same Trust),Participating,E13 8SL,#bartslondon,Yes,Participating
#whippscross-p,,IBDR ARCHIVED,Whipps Cross University Hospital  (Paediatric),IBD972,Barts Health NHS Trust,IBD706,Whipps Cross University Hospital  (Paediatric),IBD689,ARCHIVE IBDR),ADDED Service IBD Code,15,Paediatric,England,PMS,VEST ONLY,,,,R1H12,Trust,,Note-Sept (same Trust),,E11 1NR,,,
#castlehill-p,,IBDR ARCHIVED,Castle Hill Hospital (Paediatric),IBD902,Hull University Teaching Hospitals NHS Trust,IBD758,Castle Hill Hospital (Paediatric),IBD472,ARCHIVE IBDR),ADDED Service IBD Code,101,Paediatric,England,,N/A,,,,NO ODS CODE,,,Not Yet Participating,Invitation,HU16 5JQ,,,Not Participating
#hull-p,,IBDR ARCHIVED,Hull Royal Infirmary (Paediatric),IBD439,Hull University Teaching Hospitals NHS Trust,IBD758,Hull Royal Infirmary (Paediatric),IBD473,ARCHIVE IBDR),ADDED Service IBD Code,102,Paediatric,England,,N/A,,,,NO ODS CODE,,,Not Yet (same Trust),Invitation,HU3 2JZ,,,Not Participating
#ayr-p,,IBDR ARCHIVED,University Hospital Ayr (Paediatric),IBD264,NHS Ayrshire and Arran,IBD774,University Hospital Ayr (Paediatric),IBD498,ARCHIVE IBDR),ADDED Service IBD Code,151,Paediatric,Scotland,,N/A,,,,,,,Note-Sept (same Trust),Scotland,KA6 6DX,,,
#galloway,,IBDR ARCHIVED,Galloway Community Hospital,IBD917,NHS Dumfries and Galloway,IBD776,Galloway Community Hospital,IBD500,ARCHIVE IBDR),ADDED Service IBD Code,153,Adult,Scotland,,N/A,,,,,,,Note-Sept (same Trust),Scotland,DG9 7HX,,,
#northumbria,,IBDR ARCHIVED,Northumbria Specialist Emergency Care Hospital,IBD963,Northumbria Healthcare NHS Foundation Trust,IBD793,Northumbria Specialist Emergency Care Hospital,IBD559,ARCHIVE IBDR),ADDED Service IBD Code,212,Adult,England,UNKNOWN,N/A,,,,,,,Not Yet Participating,,NE23 6NZ,,,
#johnradcliffe-p,,IBDR ARCHIVED,John Radcliffe Hospital (Paediatric),IBD409,Oxford University Hospitals NHS Foundation Trust,IBD795,John Radcliffe Hospital (Paediatric),IBD562,ARCHIVE IBDR),ADDED Service IBD Code,221,Paediatric,England,INHOUSE,N/A,,,,NO ODS CODE,,,Not Yet (same Trust),,OX3 9DU,,,Not Participating
#morriston-p,,IBDR ARCHIVED,Morriston Hospital (Paediatric),IBD423,Swansea Bay University Health Board,IBD623,Morriston Hospital (Paediatric),IBD590,ARCHIVE IBDR),ADDED Service IBD Code,266,Paediatric,Wales,WDET,N/A,,,,7A3C7,,,Not Yet (same Trust),Wales,SA6 6NL,,,Not Participating
#torbay-p,,IBDR ARCHIVED,Torbay Hospital (Paediatric),IBD145,Torbay and South Devon NHS Foundation Trust,IBD533,Torbay Hospital (Paediatric),IBD659,ARCHIVE IBDR),ADDED Service IBD Code,290,Paediatric,England,WDET,N/A,,,,RA901,,,Signed (Same Trust),,TQ2 7AA,,,Not Participating
#york-p,,IBDR ARCHIVED,York Hospital (Paediatric),IBD266,York and Scarborough Teaching Hospitals NHS Foundation Trust,IBD715,York Hospital (Paediatric),IBD686,ARCHIVE IBDR),ADDED Service IBD Code,348,Paediatric,England,,N/A,,,,,,,Note-Sept (same Trust),,YO31 8HE,,,
#county,,V02,County Hospital,IBD930,Lincolnshire Community Health Services NHS Trust,IBD766,County Hospital Lincolnshire,IBD483,Consenting Pts,ADDED Service IBD Code,124,Adult,England,UNKNOWN,N/A,,,,,,,Note-Sept (same Trust),,LN11 0EU,,,
#balfour,,V02,Balfour Hospital,IBD997,NHS Orkney,IBD657,Balfour Hospital,IBD539,Consenting Pts,ADDED Service IBD Code,179,Adult,Scotland,,N/A,,,,,,,Note-Sept (same Trust),,KW15 1NZ,,,
#armagh,,V02,Armagh Community Hospital,IBD951,Southern Health and Social Care Trust,IBD617,Armagh Community Hospital,IBD582,Consenting Pts,ADDED Service IBD Code,255,Adult,N.Ireland,,N/A,,,,,,,Note-Sept (same Trust),,BT61 9DR,,,
#glenfield,,V02,Glenfield General Hospital,IBD909,University Hospitals of Leicester NHS Trust,IBD722,Leicester General and Leicester Royal Infirmary Hospitals,IBD330,Consenting Pts,Added to Leicester IBD330,317,Adult,England,PMS,N/A,,,,NO ODS CODE,,Interested,Note-Sept (same Trust),,LE3 9QP,,,
#airedale,,V02,Airedale General Hospital,IBD068,Airedale NHS Foundation Trust,IBD708,Airedale General Hospital,IBD388,SM resolved,ADDED Service IBD Code,1,Adult,England,,N/A,,,,,,,Not Yet Participating,,BD20 6TD,,,Not Participating
#alderhey-p,,V02,Alder Hey Children's Hospital,IBD424,Alder Hey Children's NHS Foundation Trust,IBD711,Alder Hey Children's Hospital,IBD404,SM resolved,ADDED Service IBD Code,2,Paediatric,England,INHOUSE,N/A,,,,RBS25,,Joined 5+ yrs ago,Signed,Participating,L12 2AP,#alderhey,Yes,Participating
#stpeters-p,,V02,St Peter's Hospital (Paediatric),IBD402,Ashford and St Peter's Hospitals NHS Trust,IBD712,St Peter's Hospital (Paediatric),IBD420,SM resolved,ADDED Service IBD Code,8,Paediatric,England,CERNER,N/A,,,,RTK01,,,Signed (Same Trust),,KT16 0PZ,,,Not Participating
#barnsley,,V02,Barnsley District General Hospital,IBD082,Barnsley Hospital NHS Foundation Trust,IBD727,Barnsley District General Hospital,IBD389,SM resolved,ADDED Service IBD Code,11,Adult,England,PMS,VEST ONLY,,,,RFFAA,,,Sent Sept (Trust lead site),Invitation,S75 2EP,,,Not Participating
#royallondon-p,,V02,The Royal London Hospital (Paediatric),IBD970,Barts Health NHS Trust,IBD706,The Royal London Hospital (Paediatric),IBD380,SM resolved,ADDED Service IBD Code,12,Paediatric,England,PMS,VEST ONLY,,,,R1H12,Trust,,Note-Sept (same Trust),,E1 1FR,,,
#newham,,V02,Newham University Hospital,IBD238,Barts Health NHS Trust,IBD706,Newham University Hospital,IBD379,SM resolved,ADDED Service IBD Code,13,Adult,England,PMS,VEST ONLY,,,,R1H12,Trust,,Note-Sept (same Trust),,E13 8SL,,,Not Participating
#whippscross,,V02,Whipps Cross University Hospital,IBD002,Barts Health NHS Trust,IBD706,Whipps Cross University Hospital,IBD422,SM resolved,ADDED Service IBD Code,16,Adult,England,CERNER,VEST ONLY,PO raised,,,R1H12,Trust,,Note-Sept (same Trust),,E11 1NR,,,
#royallondon,,V02,The Royal London Hospital,IBD636,Barts Health NHS Trust,IBD706,The Royal London Hospital,IBD426,SM resolved,ADDED Service IBD Code,17,Adult,England,PMS,VEST ONLY,,,,R1H12,Trust,,Sent Sept (Trust lead site),,E1 1FR,,,
#bedford,,V02,Bedford Hospital,IBD182,Bedfordshire Hospitals NHS Foundation Trust,IBD716,Bedford Hospital,IBD435,SM resolved,ADDED Service IBD Code,18,Adult,England,PMS,N/A,PO raised,,,RC110,,,Signed (Same Trust),Invitation,MK42 9DJ,,,Not Participating
#lutondunstable,,V02,Luton and Dunstable University Hospital,IBD067,Bedfordshire Hospitals NHS Foundation Trust,IBD716,Luton and Dunstable University Hospital,IBD436,SM resolved,ADDED Service IBD Code,19,Adult,England,PMS,N/A,,,,RC933,,,Signed,Participating,LU4 0DZ,#lutondunstable,Yes,Participating
#lutondunstable-p,,V02,Luton and Dunstable University Hospital (Paediatric),IBD429,Bedfordshire Hospitals NHS Foundation Trust,IBD716,Luton and Dunstable University Hospital (Paediatric),IBD438,SM resolved,ADDED Service IBD Code,20,Paediatric,England,PMS,N/A,,,,RC933,,,Signed (Same Trust),,LU4 0DZ,,,Participating
#rhchildrenbelfast-p,,V02,The Royal Belfast Hospital for Sick Children,IBD416,Belfast Health and Social Care Trust,IBD728,The Royal Belfast Hospital for Sick Children,IBD440,SM resolved,ADDED Service IBD Code,24,Paediatric,N.Ireland,UNKNOWN,N/A,,,,N/A,,,Not Yet Participating,N.Ireland,BT12 6BA,,,
#llandudno,,V02,Llandudno Hospital,IBD135,Betsi Cadwaladr University Health Board,IBD729,Llandudno Hospital,IBD392,SM resolved,ADDED Service and Service IBD Code,25,Adult,Wales,WDET,N/A,,,,7A1AV,,,Signed (Same Trust),Wales,LL30 1LB,,,Not Participating
#wrexham,,V02,Wrexham Maelor Hospital,IBD029,Betsi Cadwaladr University Health Board,IBD729,Wrexham Maelor Hospital,IBD393,SM resolved,ADDED Service IBD Code,26,Adult,Wales,WDET,WT ONLY,,,,7A1A4,,,Signed,Wales,LL13 7TD,#wrexham,No,Not Participating
#gwynedd,,V02,Ysbyty Gwynedd Hospital,IBD028,Betsi Cadwaladr University Health Board,IBD729,Ysbyty Gwynedd Hospital,IBD391,SM resolved,ADDED Service IBD Code,27,Adult,Wales,WDET,N/A,,,,7A1KG,,,Signed (Same Trust),Wales,LL57 2PW,,,Not Participating
#glanclwyd,,V02,Ysbyty Glan Clwyd Hospital,IBD027,Betsi Cadwaladr University Health Board,IBD729,Ysbyty Glan Clwyd Hospital,IBD390,SM resolved,ADDED Service IBD Code,28,Adult,Wales,WDET,N/A,,,,7A1A1,,,Signed (Same Trust),Wales,LL18 5UJ,,,Not Participating
#birmingham-p,,V02,Birmingham Children's Hospital,IBD425,Birmingham Women's and Children's NHS Foundation Trust,IBD730,Birmingham Children's Hospital,IBD394,SM resolved,ADDED Service IBD Code,29,Paediatric,England,PMS,N/A,,,,RQ319,,,Signed,Participating,B4 6NH,,,Not Participating
#blackpool,,V02,Blackpool Victoria Hospital,IBD199,Blackpool Teaching Hospitals NHS Foundation Trust,IBD731,Blackpool Victoria Hospital,IBD395,SM resolved,ADDED Service IBD Code,30,Adult,England,WDET,N/A,,,,RXL01,,,Sent Sept (Trust lead site),Invitation,FY3 8NR,#blackpool,No,Not Participating
#bolton,,V02,Royal Bolton Hospital,IBD155,Bolton NHS Foundation Trust,IBD732,Royal Bolton Hospital,IBD442,SM resolved,ADDED Service IBD Code,31,Adult,England,WDET,N/A,,,,RMC01,,,Signed,Interested,BL4 0JR,#bolton,Yes,Participating
#bradfordri,,V02,Bradford Royal Infirmary,IBD215,Bradford Teaching Hospitals NHS Foundation Trust,IBD733,Bradford Royal Infirmary,IBD396,SM resolved,ADDED Service IBD Code,32,Adult,England,WDET,N/A,,,,RAE01,,,Sent Sept (Trust lead site),Participating,BD9 6DA,#bradfordri,Yes,Participating
#addenbrookes-p,,V02,Addenbrooke's Hospital (Paediatric),IBD004,Cambridge University Hospitals NHS Foundation Trust,IBD735,Addenbrooke's Hospital (Paediatric),IBD398,SM resolved,ADDED Service IBD Code,37,Paediatric,England,EPIC,N/A,,,,RGT27,,,Signed,Participating,CB2 0QQ,,,Participating
#addenbrookes,,V02,Addenbrooke's Hospital,IBD126,Cambridge University Hospitals NHS Foundation Trust,IBD735,Addenbrooke's Hospital,IBD397,SM resolved,ADDED Service IBD Code,38,Adult,England,INHOUSE,N/A,,,,RGT01,,,Signed (Same Trust),Participating,CB2 0QQ,#addenbrookes,Yes,Participating
#noahark-p,,V02,The Noah's Ark Childrens Hospital for Wales,IBD405,Cardiff and Vale University Local Health Board,IBD701,The Noah's Ark Childrens Hospital for Wales,IBD443,SM resolved,ADDED Service IBD Code,41,Paediatric,Wales,WDET,N/A,,,IBD405,7A4BV,,,Signed (Same Trust),Wales,CF14 4XW,#cardiffvale,No,Not Participating
#chelseawestminster,,V02,Chelsea and Westminster Hospital,IBD973,Chelsea and Westminster Hospital NHS Foundation Trust,IBD736,Chelsea and Westminster Hospital,IBD446,SM resolved,ADDED Service IBD Code,42,Adult,England,CERNER,N/A,,,,NO ODS CODE,,,Sent Sept (Trust lead site),Invitation,SW10 9NH,,,Not Participating
#westmiddlesex,,V02,West Middlesex University Hospital,IBD021,Chelsea and Westminster Hospital NHS Foundation Trust,IBD736,West Middlesex University Hospital,IBD447,SM resolved,ADDED Service IBD Code,43,Adult,England,CERNER,N/A,,,,NO ODS CODE,,,Note-Sept (same Trust),Invitation,TW7 6AF,,,Not Participating
#chelseawestminster-p,,V02,Chelsea and Westminster Hospital (Paediatric),IBD406,Chelsea and Westminster Hospital NHS Foundation Trust,IBD736,Chelsea and Westminster Hospital (Paediatric),IBD448,SM resolved,ADDED Service IBD Code,44,Paediatric,England,CERNER,N/A,,,,NO ODS CODE,,,Note-Sept (same Trust),Invitation,SW10 9NH,,,Not Participating
#chesterfield,,V02,Chesterfield Royal Hospital,IBD142,Chesterfield Royal Hospital NHS Foundation Trust,IBD737,Chesterfield Royal Hospital,IBD399,SM resolved,ADDED Service IBD Code,45,Adult,England,WDET,N/A,,,,RFSDA,,Joined prev 2 years,Signed,Participating,S44 5BL,#chesterfield,Yes,Participating C/F
#countess,,V02,Countess of Chester Hospital,IBD194,Countess of Chester Hospital NHS Foundation Trust,IBD739,Countess of Chester Hospital,IBD452,SM resolved,ADDED Service IBD Code,47,Adult,England,CERNER,N/A,PO raised,,,NO ODS CODE,,Interested,Not Yet Participating,Interested,CH2 1UL,,,Not Participating
#shotley,,V02,Shotley Bridge Community Hospital,IBD998,County Durham and Darlington NHS Foundation Trust,IBD704,Shotley Bridge Community Hospital,IBD453,SM resolved,ADDED Service IBD Code,54,Adult,England,,N/A,PO raised,,,,,,Signed (Same Trust),,DH8 0NB,,,
#croydon,,V02,Croydon University Hospital,IBD203,Croydon Health Services NHS Trust,IBD740,Croydon University Hospital,IBD454,SM resolved,ADDED Service IBD Code,55,Adult,England,WDET,N/A,,,,RJ611,,,Sent Sept (Trust lead site),Declined,CR7 7YE,#croydon,No,Not Participating
#cwmtaf,,V02,Royal Glamorgan Hospital,IBD098,Cwm Taf University Health Board,IBD719,Royal Glamorgan Hospital,IBD385,SM resolved,ADDED Service IBD Code,56,Adult,Wales,HICSS (EMIS),N/A,,,,7A5B1,,,Sent Sept (Trust lead site),Wales,CF72 8XR,,,Not Participating
#princecharles,,V02,Prince Charles Hospital,IBD828,Cwm Taf University Health Board,IBD719,Prince Charles Hospital,IBD455,SM resolved,ADDED Service IBD Code,57,Adult,Wales,,N/A,,,,,,,Note-Sept (same Trust),,CF47 9DT,,,
#princesswales,,V02,Princess of Wales Hospital,IBD829,Cwm Taf University Health Board,IBD719,Princess of Wales Hospital,IBD456,SM resolved,ADDED Service IBD Code,58,Adult,Wales,,N/A,,,,,,,Note-Sept (same Trust),,CF31 1RQ,,,
#dorset,,V02,Dorset County Hospital,IBD076,Dorset County Hospital NHS Foundation Trust,IBD743,Dorset County Hospital,IBD457,SM resolved,ADDED Service IBD Code,63,Adult,England,PMS,N/A,Grant paid,,,RBD01,,Joined 5+ yrs ago,Signed,Participating,DT1 2JY,#dorset,Yes,Participating
#colchester,,V02,Colchester General Hospital,IBD032,East Suffolk and North Essex NHS Foundation Trust,IBD656,Colchester General Hospital,IBD458,SM resolved,ADDED Service IBD Code,78,Adult,England,,N/A,,,,RDEE4,,Interested,Not Yet Participating,Invitation,CO4 5JL,,,Not Participating
#ipswich,,V02,Ipswich Hospital,IBD034,East Suffolk and North Essex NHS Foundation Trust,IBD656,Ipswich Hospital,IBD459,SM resolved,ADDED Service IBD Code,79,Adult,England,,N/A,,,,RDE03,,Interested,Not Yet (same Trust),Invitation,IP4 5PD,,,Not Participating
#queenmarys-p,,V02,Queen Mary's Hospital for Children,IBD434,Epsom and St Helier University Hospitals NHS Trust,IBD749,Queen Mary's Hospital for Children and St Helier (Paediatric),IBD460,SM resolved,ADDED Service IBD Code,82,Paediatric,England,,N/A,,,,RVR07,,,Signed (Same Trust),,SM5 1AA,,,
#sthelier-p,,V02,St Helier Hospital (Paediatric),IBD020,Epsom and St Helier University Hospitals NHS Trust,IBD749,Queen Mary's Hospital for Children and St Helier (Paediatric),IBD460,SM resolved,ADDED Service IBD Code,83,Paediatric,England,WDET,N/A,,,,RVR05,,,Signed (Same Trust),,SM5 1AA,,,
#epsom,,V02,Epsom Hospital,IBD089,Epsom and St Helier University Hospitals NHS Trust,IBD749,Epsom Hospital,IBD461,SM resolved,ADDED Service IBD Code,84,Adult,England,WDET,N/A,Grant paid,,,RVR50,,,Signed,Participating,KT18 7EG,#epsom,Yes - Multiple Sites,Participating C/F
#sthelier,,V02,St Helier Hospital,IBD090,Epsom and St Helier University Hospitals NHS Trust,IBD749,St Helier Hospital,IBD690,SM resolved,ADDED Service IBD Code,85,Adult,England,WDET,N/A,Grant paid,,IBD045,RVR05,,,Signed (Same Trust),Participating,SM5 1AA,#sthelier,Yes - Multiple Sites,
#frimley,,V02,Frimley Park Hospital,IBD212,Frimley Health NHS Foundation Trust,IBD702,Frimley Park Hospital,IBD374,SM resolved,ADDED Service IBD Code,86,Adult,England,WDET,N/A,,,IBD212,RDU01,,,Signed,Participating,GU16 7UJ,#frimley,Yes - Multiple Sites,Not Participating
#wexham,,V02,Wexham Park Hospital,IBD214,Frimley Health NHS Foundation Trust,IBD702,Wexham Park Hospital,IBD463,SM resolved,ADDED Service IBD Code,87,Adult,England,WDET,N/A,,,IBD214,RDU50,,,Signed (Same Trust),Participating,SL2 4HL,#wexham,Yes - Multiple Sites,
#gateshead,,V02,"Queen Elizabeth Hospital, Gateshead",IBD190,Gateshead Health NHS Foundation Trust,IBD750,"Queen Elizabeth Hospital, Gateshead",IBD464,SM resolved,ADDED Service IBD Code,88,Adult,England,WDET,ACCESS RESCINDED,,,,RR7EN,,,Sent Sept (Trust lead site),Declined,NE9 6SX,#gateshead,Access Rescinded,Participating
#georgeeliot,,V02,George Eliot Hospital,IBD086,George Eliot Hospital NHS Trust,IBD751,George Eliot Hospital,IBD465,SM resolved,ADDED Service IBD Code,89,Adult,England,WDET,N/A,,,,RLT01,,,Signed,Participating,CV10 7DJ,#georgeeliot,Yes,Participating
#gosh-p,,V02,Great Ormond Street Hospital for Children,IBD408,Great Ormond Street Hospital for Children NHS Foundation Trust,IBD753,Great Ormond Street Hospital for Children,IBD466,SM resolved,ADDED Service IBD Code,92,Paediatric,England,WDET,N/A,,,,RP401,,,Sent Sept (Trust lead site),Participating,WC1N 3JH,#gosh,No,Not Participating
#greatwestern,,V02,Great Western Hospital,IBD174,Great Western Hospitals NHS Foundation Trust,IBD754,Great Western Hospital,IBD467,SM resolved,ADDED Service IBD Code,93,Adult,England,PMS,N/A,PO raised,,,RN325,,,Signed,Participating,SN3 6BB,#greatwestern,Yes,Participating
#evelina-p,,V02,Evelina London Children's Hospital,IBD960,Guy's and St Thomas' NHS Foundation Trust,IBD755,Evelina London Children's Hospital,IBD468,SM resolved,ADDED Service IBD Code,96,Paediatric,England,WDET,WT&VEST,,,,RJ100,,,Signed (Same Trust),Participating,SE1 7EH,,,
#hampshire,,V02,Basingstoke and North Hampshire Hospital,IBD091,Hampshire Hospitals NHS Foundation Trust,IBD710,Basingstoke and North Hampshire Hospital,IBD381,SM resolved,ADDED Service IBD Code,97,Adult,England,PMS,N/A,,,,RN562,,,Signed,,RG24 9NA,,,Not Participating
#royalhampshire,,V02,Royal Hampshire County Hospital,IBD251,Hampshire Hospitals NHS Foundation Trust,IBD710,Royal Hampshire County Hospital,IBD469,SM resolved,ADDED Service IBD Code,98,Adult,England,PMS,N/A,,,,RN562,,,Signed (Same Trust),Participating,SO22 5DG,#royalhampshire,Yes,Participating
#harrogate,,V02,Harrogate District Hospital,IBD061,Harrogate and District NHS Foundation Trust,IBD756,Harrogate District Hospital,IBD470,SM resolved,ADDED Service IBD Code,99,Adult,England,WDET,N/A,,,,RCD00,,,Signed,Participating,HG2 7SX,#harrogate,Yes,Participating
#homerton,,V02,Homerton University Hospital,IBD226,Homerton Healthcare NHS Foundation Trust,IBD757,Homerton University Hospital,IBD471,SM resolved,ADDED Service IBD Code,100,Adult,England,PMS,PV - Hyrimoz,,Non - Specific,,RQXM1,,,Signed,Participating,E9 6SR,#homerton,Yes,Participating
#glangwili,,,Glangwili General Hospital,IBD606,Hywel Dda University Health Board,IBD724,Prince Philip and Glangwili General Hospitals,IBD343,SM resolved,,105,Adult,Wales,WDET,N/A,,,IBD606,NO ODS CODE,,,Signed (Same Trust),Wales,SA31 2AF,#hyweldda,No,Not Participating
#princephilip,,,Prince Philip Hospital,IBD246,Hywel Dda University Health Board,IBD724,Prince Philip and Glangwili General Hospitals,IBD343,SM resolved,,106,Adult,Wales,WDET,N/A,,,IBD246,7A2AL,,,Signed (Same Trust),Wales,SA14 8QF,#hyweldda,No,Not Participating
#bronglais,,V02,Bronglais General Hospital,IBD221,Hywel Dda University Health Board,IBD724,Bronglais General Hospital,IBD474,SM resolved,ADDED Service IBD Code,107,Adult,Wales,WDET,N/A,,,IBD221,7A2AJ,,,Signed,Wales,SY23 1ER,#hyweldda,No,Not Participating
#withybush,,V02,Withybush Hospital,IBD099,Hywel Dda University Health Board,IBD724,Withybush Hospital,IBD376,SM resolved,ADDED Service IBD Code,108,Adult,Wales,WDET,N/A,,,IBD099,7A2BL,,,Signed (Same Trust),Wales,SA61 2PZ,#hyweldda,No,Not Participating
#hammersmith,,,Hammersmith Hospital,IBD957,Imperial College Healthcare NHS Trust,IBD759,"Charing Cross, Hammersmith and St Mary's Hospitals",IBD311,SM resolved,No change,109,Adult,England,WDET,N/A,Grant paid,,,RYJ01,,,Signed (Same Trust),,W12 0HS,,,
#stmarys,,,St Mary's Hospital,IBD003,Imperial College Healthcare NHS Trust,IBD759,"Charing Cross, Hammersmith and St Mary's Hospitals",IBD311,SM resolved,No change,110,Adult,England,WDET,N/A,Grant paid,,,RYJ01,,,Signed,Participating,W2 1NY,#imperial,Yes,Participating
#charingcross,,,Charing Cross Hospital,IBD958,Imperial College Healthcare NHS Trust,IBD759,"Charing Cross, Hammersmith and St Mary's Hospitals",IBD311,SM resolved,No change,111,Adult,England,WDET,N/A,Grant paid,,,RYJ01,,,Signed (Same Trust),,W6 8RF,,,
#isleofwight,,V02,St Mary's Hospital,IBD628,Isle of Wight NHS Trust,IBD760,St Mary's Hospital,IBD475,SM resolved,ADDED Service IBD Code,112,Adult,England,WDET,ACCESS RESCINDED,,,,R1F01,,,Sent Sept (Trust lead site),Participating,PO30 5TG,#isleofwight,C/F,Participating
#jamespaget,,V02,James Paget University Hospital,IBD016,James Paget University Hospitals NHS Foundation Trust,IBD761,James Paget University Hospital,IBD476,SM resolved,ADDED Service IBD Code,113,Adult,England,WDET,N/A,,,,RGP75,,,Signed,Participating,NR31 6LA,#jamespaget,Yes,Not Participating
#kettering,,V02,Kettering General Hospital,IBD303,Kettering General Hospital NHS Foundation Trust,IBD762,Kettering General Hospital,IBD477,SM resolved,ADDED Service IBD Code,114,Adult,England,WDET,N/A,,,,RNQ51,,,Sent Sept (Trust lead site),Interested,NN16 8UZ,,,Not Participating
#kings,,V02,King's College Hospital,IBD180,King's College Hospital NHS Foundation Trust,IBD763,King's College Hospital,IBD478,SM resolved,ADDED Service IBD Code,115,Adult,England,WDET,WT&VEST,,,,RJZ01,,,Sent Sept (Trust lead site),Invitation,SE5 9RS,#kings,No,Not Participating
#kings-p,,V02,King's College Hospital (Paediatric),IBD433,King's College Hospital NHS Foundation Trust,IBD763,King's College Hospital (Paediatric),IBD479,SM resolved,ADDED Service IBD Code,116,Paediatric,England,WDET,N/A,,,,NO ODS CODE,,,Note-Sept (same Trust),Invitation,SE5 9RS,,,Not Participating
#princessroyal,,V02,Princess Royal University Hospital,IBD213,King's College Hospital NHS Foundation Trust,IBD763,Princess Royal University Hospital,IBD480,SM resolved,ADDED Service IBD Code,117,Adult,England,WDET,N/A,,,IBD213,RJZ01,,,Note-Sept (same Trust),,BR6 8ND,,,Not Participating
#kingston,,V02,Kingston Hospital,IBD059,Kingston Hospital NHS Foundation Trust,IBD764,Kingston Hospital,IBD481,SM resolved,ADDED Service IBD Code,118,Adult,England,WDET,WT&VEST,,,,RAX01,,Joined prev 3 years,Signed,Participating,KT2 7QB,#kingston,Yes,Participating
#preston,,V02,Royal Preston Hospital,IBD108,Lancashire Teaching Hospitals NHS Foundation Trust,IBD765,Royal Preston and Chorley and South Ribble Hospitals,IBD342,SM resolved,,119,Adult,England,WDET,N/A,,,,RXN02,,,Sent Sept (Trust lead site),Declined,PR2 9HT,#prestonchorley,Access Rescinded,Participating C/F
#chorley,,V02,Chorley and South Ribble Hospital,IBD948,Lancashire Teaching Hospitals NHS Foundation Trust,IBD765,Royal Preston and Chorley and South Ribble Hospitals,IBD342,SM resolved,,120,Adult,England,WDET,N/A,,,,,,,Sent Sept (Trust lead site),,PR7 1PP,,,
#lewisham-p,,V02,University Hospital ?Lewisham (Paediatric),IBD412,Lewisham and Greenwich NHS Trust,IBD709,University Hospital ?Lewisham (Paediatric),IBD482,SM resolved,ADDED Service IBD Code,123,Paediatric,England,WDET,N/A,,,,RJ224,,,Note-Sept (same Trust),,SE13 6LH,,,Not Participating
#aintree,,V02,Aintree University Hospital,IBD134,Liverpool University Hospitals NHS Foundation Trust,IBD767,Aintree University Hospital,IBD484,SM resolved,ADDED Service IBD Code,125,Adult,England,WDET,WT&VEST,PO raised,,,REM21,,,Signed (Same Trust),Participating,L9 7AL,#aintree,Yes - Multiple Sites,Participating
#royalliverpool,,V02,Royal Liverpool University Hospital,IBD300,Liverpool University Hospitals NHS Foundation Trust,IBD767,Royal Liverpool University Hospital,IBD485,SM resolved,ADDED Service IBD Code,126,Adult,England,INHOUSE,N/A,,,,RQ617,,,Signed,Participating,L7 8XP,#royalliverpool,Yes - Multiple Sites,Participating
#tunbridge-p,,V02,Tunbridge Wells Hospital (Paediatric),IBD431,Maidstone and Tunbridge Wells NHS Trust,IBD718,Maidstone Hospital and Tunbridge Wells Hospitals (Paediatric),IBD486,SM resolved,ADDED Service IBD Code,135,Paediatric,England,WDET,WT&VEST,,,IBD431,RWFTW,,,Signed (Same Trust),Participating,TN2 4QJ,,,Participating
#maidstone-p,,V02,Maidstone Hospital (Paediatric),IBD441,Maidstone and Tunbridge Wells NHS Trust,IBD718,Maidstone Hospital and Tunbridge Wells Hospitals (Paediatric),IBD486,SM resolved,ADDED Service IBD Code,136,Paediatric,England,WDET,WT&VEST,Grant paid,,IBD441,RWFTW,,,Signed (Same Trust),Participating,ME16 9QQ,,,Participating
#royalmanchester-p,,V02,Royal Manchester Children's Hospital,IBD437,Manchester University NHS Foundation Trust,IBD768,Royal Manchester Children's Hospital,IBD487,SM resolved,ADDED Service IBD Code,139,Paediatric,England,PMS,N/A,,,,R0A03,,,Note-Sept (same Trust),Participating,M13 9WL,,,Not Participating
#wythenshawe,,V02,Wythenshawe Hospital,IBD106,Manchester University NHS Foundation Trust,IBD768,Wythenshawe Hospital,IBD488,SM resolved,ADDED Service IBD Code,140,Adult,England,WDET,N/A,,,,R0A07,,,Note-Sept (same Trust),Invitation,M23 9LT,,,
#northmanchester,,V02,North Manchester General Hospital,IBD612,Manchester University NHS Foundation Trust,IBD768,North Manchester General Hospital,IBD489,SM resolved,ADDED Service IBD Code,141,Adult,England,,N/A,,,IBD612,,,,Signed (Same Trust),Participating,M8 5RB,,,
#medway,,V02,Medway Maritime Hospital,IBD253,Medway NHS Foundation Trust,IBD769,Medway Maritime Hospital,IBD490,SM resolved,ADDED Service IBD Code,142,Adult,England,,N/A,,,,NO ODS CODE,,,Not Yet Participating,,ME7 5NY,,,Not Participating
#basildon,,V02,Basildon University Hospital,IBD084,Mid and South Essex NHS Foundation Trust,IBD770,Basildon University Hospital,IBD491,SM resolved,ADDED Service IBD Code,143,Adult,England,WDET,N/A,PO raised,,,RDDH0,,,Signed,Participating,SS16 5NL,#basildon,Yes,Participating
#broomfield,,V02,Broomfield Hospital,IBD114,Mid and South Essex NHS Foundation Trust,IBD770,Broomfield Hospital,IBD492,SM resolved,ADDED Service IBD Code,144,Adult,England,PMS,N/A,,,,RAJ32,,,Signed (Same Trust),Participating,CM1 7ET,,,Not Participating
#southend,,V02,Southend University Hospital,IBD629,Mid and South Essex NHS Foundation Trust,IBD770,Southend University Hospital,IBD493,SM resolved,ADDED Service IBD Code,145,Adult,England,WDET,N/A,Grant paid,,,RAJ01,,,Signed (Same Trust),Participating,SS0 0RY,,,In Process
#leighton,,V02,Leighton Hospital,IBD302,Mid Cheshire Hospitals Foundation Trust,IBD771,Leighton Hospital,IBD494,SM resolved,ADDED Service IBD Code,146,Adult,England,WDET,N/A,Withdrawn,,,RBT20,,,Signed,,CW1 4QJ,#midcheshire,No,Not Participating
#staffordgeorge,,V02,"St George's Hospital, Stafford",IBD931,Midlands Partnership NHS Foundation Trust,IBD772,"St George's Hospital, Stafford",IBD495,SM resolved,ADDED Service IBD Code,147,Adult,England,,N/A,,,,,,,Note-Sept (same Trust),,ST16 3SR,,,
#miltonkeynes,,V02,Milton Keynes University Hospital,IBD079,Milton Keynes University Hospital NHS Foundation Trust,IBD773,Milton Keynes University Hospital,IBD496,SM resolved,ADDED Service IBD Code,148,Adult,England,PMS,N/A,,,,RD831,,,Signed,,MK6 5LD,,,Not Participating
#ayr,,V02,University Hospital Ayr,IBD910,NHS Ayrshire and Arran,IBD774,University Hospital Ayr,IBD373,SM resolved,ADDED Service IBD Code,149,Adult,Scotland,,N/A,,,,,,,Note-Sept (same Trust),Scotland,KA6 6DX,,,
#crosshouse,,V02,University Hospital Crosshouse,IBD912,NHS Ayrshire and Arran,IBD774,University Hospital Crosshouse,IBD497,SM resolved,ADDED Service IBD Code,150,Adult,Scotland,,N/A,,,,,,,Note-Sept (same Trust),Scotland,KA2 0BE,,,
#borders,,V02,Borders General Hospital,IBD913,NHS Borders,IBD775,Borders General Hospital,IBD499,SM resolved,ADDED Service IBD Code,152,Adult,Scotland,,N/A,,,,,,,Note-Sept (same Trust),Scotland,TD6 9BS,,,
#dumfriesri,,V02,Dumfries and Galloway Royal Infirmary,IBD916,NHS Dumfries and Galloway,IBD776,Dumfries and Galloway Royal Infirmary,IBD501,SM resolved,ADDED Service IBD Code,154,Adult,Scotland,,N/A,,,,,,,Note-Sept (same Trust),Scotland,DG2 8RX,,,
#forth,,V02,Forth Valley Royal Hospital,IBD918,NHS Forth Valley,IBD778,Forth Valley Royal Hospital,IBD504,SM resolved,ADDED Service IBD Code,157,Adult,Scotland,,N/A,,,,,,,Note-Sept (same Trust),Scotland,FK5 4WR,,,
#drgray,,V02,Dr Gray's Hospital,IBD815,NHS Grampian,IBD707,Dr Gray's Hospital,IBD507,SM resolved,ADDED Service IBD Code,158,Adult,Scotland,,N/A,,,,,,,Note-Sept (same Trust),,IV30 1SN,,,
#aberdeenri,,V02,Aberdeen Royal Infirmary,IBD992,NHS Grampian,IBD707,Aberdeen Royal Infirmary,IBD508,SM resolved,ADDED Service IBD Code,159,Adult,Scotland,,N/A,,,,,,,Note-Sept (same Trust),,AB25 2ZN,,,
#royalaberdeen-p,,V02,Royal Aberdeen Children's Hospital,IBD007,NHS Grampian,IBD707,Royal Aberdeen Children's Hospital,IBD510,SM resolved,ADDED Service IBD Code,160,Paediatric,Scotland,WDET,N/A,,,,,,,Note-Sept (same Trust),Scotland,AB25 2ZG,,,
#stobhill,,V02,Stobhill Hospital,IBD837,NHS Greater Glasgow and Clyde,IBD779,Stobhill Hospital,IBD517,SM resolved,ADDED Service IBD Code,162,Adult,Scotland,,N/A,,,,,,,Note-Sept (same Trust),,G21 3UW,,,
#glasgowri,,V02,Glasgow Royal Infirmary,IBD816,NHS Greater Glasgow and Clyde,IBD779,Glasgow Royal Infirmary,IBD520,SM resolved,ADDED Service IBD Code,163,Adult,Scotland,,N/A,,,,,,,Note-Sept (same Trust),,G4 0SF,,,
#rhchildrenG-p,,V02,"Royal Hospital for Children, Glasgow",IBD400,NHS Greater Glasgow and Clyde,IBD779,"Royal Hospital for Children, Glasgow",IBD521,SM resolved,ADDED Service IBD Code,164,Paediatric,Scotland,WDET,N/A,,,,,,,Sent Sept (Trust lead site),Scotland,G51 4TF,,,
#raigmore-p,,V02,Raigmore Hospital (Paediatric),IBD014,NHS Highland,IBD780,Raigmore Hospital (Paediatric),IBD523,SM resolved,ADDED Service IBD Code,170,Paediatric,Scotland,WDET,N/A,,,,,,,Sent Sept (Trust lead site),Scotland,IV2 3UJ,,,
#raigmore,,V02,Raigmore Hospital,IBD832,NHS Highland,IBD780,Raigmore Hospital,IBD524,SM resolved,ADDED Service IBD Code,171,Adult,Scotland,,N/A,,,,,,,Note-Sept (same Trust),,IV2 3UJ,,,
#hairmyres,,V02,University Hospital Hairmyres,IBD010,NHS Lanarkshire,IBD781,University Hospital Hairmyres,IBD525,SM resolved,ADDED Service IBD Code,172,Adult,Scotland,WDET,N/A,,,,,,,Not Yet Participating,Scotland,G75 8RG,,,
#monklands,,V02,University Hospital Monklands,IBD964,NHS Lanarkshire,IBD781,University Hospital Monklands,IBD526,SM resolved,ADDED Service IBD Code,173,Adult,Scotland,WDET,N/A,,,,,,,Not Yet Participating,Scotland,ML6 0JS,,,
#wishaw,,V02,University Hospital Wishaw,IBD965,NHS Lanarkshire,IBD781,University Hospital Wishaw,IBD537,SM resolved,ADDED Service IBD Code,174,Adult,Scotland,WDET,N/A,,,,,,,Not Yet Participating,Scotland,ML2 0DP,,,
#rhchildren-p,,V02,"Royal Hospital for Children and Young People, Edinburgh",IBD415,NHS Lothian,IBD782,"Royal Hospital for Children and Young People, Edinburgh",IBD538,SM resolved,ADDED Service IBD Code,178,Paediatric,Scotland,WDET,N/A,,,,,,,Note-Sept (same Trust),Scotland,EH16 4TJ,,,
#ninewells-p,,V02,Ninewells Hospital (Paediatric),IBD414,NHS Tayside,IBD705,Ninewells and Perth Royal Infirmary Hospitals (Paediatric),IBD541,SM resolved,ADDED Service IBD Code,182,Paediatric,Scotland,WDET,N/A,,,,,,,Sent Sept (Trust lead site),Scotland,DD2 1UB,,,
#tayside,,V02,Tayside Children's Hospital,IBD839,NHS Tayside,IBD705,Tayside Children's Hospital,IBD542,SM resolved,ADDED Service IBD Code,183,Paediatric,Scotland,,N/A,,,,,,,Note-Sept (same Trust),,DD1 4BJ,,,
#westernisles,,V02,Western Isles Hospital,IBD265,NHS Western Isles,IBD658,Western Isles Hospital,IBD543,SM resolved,ADDED Service IBD Code,185,Adult,Scotland,,N/A,,,,,,,Note-Sept (same Trust),Scotland,HS1 2AF,,,
#jennylind-p,,V02,Jenny Lind Children's Hospital,IBD428,Norfolk and Norwich University NHS Foundation Trust,IBD784,Jenny Lind Children's Hospital,IBD544,SM resolved,ADDED Service IBD Code,186,Paediatric,England,WDET,N/A,,,,RM102,,,Signed,Participating,NR4 7UY,#jennylind-p,Yes - Multiple Sites,Participating
#norfolknorwich,,V02,Norfolk and Norwich University Hospital,IBD225,Norfolk and Norwich University NHS Foundation Trust,IBD784,Norfolk and Norwich University Hospital,IBD545,SM resolved,ADDED Service IBD Code,187,Adult,England,PMS,N/A,Grant paid,,,RM102,,,Signed (Same Trust),Participating,NR4 7UY,#norfolknorwich,Yes - Multiple Sites,Participating
#northbristol,,V02,Southmead Hospital,IBD605,North Bristol NHS Trust,IBD786,Southmead Hospital,IBD547,SM resolved,ADDED Service IBD Code,189,Adult,England,ROTH,N/A,,,,RVJ01,,,Not Yet Participating,,BS10 5NB,,,Not Participating
#northmid,,V02,North Middlesex Hospital,IBD018,North Middlesex University Hospital NHS Trust,IBD789,North Middlesex Hospital,IBD549,SM resolved,ADDED Service IBD Code,193,Adult,England,"BLUETEQ, WDET",N/A,,,,RAPNM,,In progress,Signed,,N18 1QX,,,Not Participating
#peterborough,,V02,Peterborough City Hospital,IBD257,North West Anglia NHS Foundation Trust,IBD726,Peterborough City Hospital,IBD550,SM resolved,ADDED Service IBD Code,196,Adult,England,WDET,N/A,Grant paid,,IBD257,RGN03,,,Signed (Same Trust),Participating,PE3 9GZ,#peterborough,Yes - Multiple Sites,Participating
#hinchingbrooke,,V02,Hinchingbrooke Hospital,IBD083,North West Anglia NHS Foundation Trust,IBD726,Hinchingbrooke Hospital,IBD551,SM resolved,ADDED Service IBD Code,197,Adult,England,WDET,N/A,Grant paid,,IBD083,RQQ31,,,Signed,Participating,PE29 6NT,#hinchingbrooke,Yes - Multiple Sites,Participating
#northampton,,V02,Northampton General Hospital,IBD033,Northampton General Hospital NHS Trust,IBD790,Northampton General Hospital,IBD552,SM resolved,ADDED Service IBD Code,198,Adult,England,WDET,N/A,,,,RNS01,,,Signed,Participating,NN1 5BD,#northampton,Yes,Participating
#salford,,V02,Salford Royal Hospital,IBD136,Northern Care Alliance NHS Foundation Trust,IBD703,"The Royal Oldham, Fairfield General, Salford Royal and Rochdale Infirmary Hospitals",IBD359,SM resolved,,199,Adult,England,WDET,N/A,,,,,,Interested,Signed (Same Trust),,M6 8HD,,,
#fairfield,,V02,Fairfield General Hospital,IBD611,Northern Care Alliance NHS Foundation Trust,IBD703,"The Royal Oldham, Fairfield General, Salford Royal and Rochdale Infirmary Hospitals",IBD359,SM resolved,,200,Adult,England,WDET,N/A,PO raised,,IBD611,RW601,,Joined prev year,Signed,Participating,BL9 7TD,#manchesteroldham,Yes,Not Participating
#rochdale,,V02,Rochdale Infirmary,IBD615,Northern Care Alliance NHS Foundation Trust,IBD703,"The Royal Oldham, Fairfield General, Salford Royal and Rochdale Infirmary Hospitals",IBD359,SM resolved,,201,Adult,England,WDET,N/A,,,IBD613,,,,Signed (Same Trust),Participating,OL12 0NB,,,
#oldham,,V02,The Royal Oldham Hospital,IBD614,Northern Care Alliance NHS Foundation Trust,IBD703,"The Royal Oldham, Fairfield General, Salford Royal and Rochdale Infirmary Hospitals",IBD359,SM resolved,,202,Adult,England,WDET,N/A,,,IBD614,,,,Signed (Same Trust),Participating,OL1 2JH,,,
#midulster,,V02,Mid Ulster Hospital,IBD935,Northern Health and Social Care Trust,IBD792,Mid Ulster Hospital,IBD553,SM resolved,ADDED Service IBD Code,203,Adult,N.Ireland,,N/A,,,,,,,Not Yet Participating,N.Ireland,BT45 5EX,,,
#whiteabby,,V02,Whiteabbey Hospital,IBD934,Northern Health and Social Care Trust,IBD792,Whiteabbey Hospital,IBD554,SM resolved,ADDED Service IBD Code,204,Adult,N.Ireland,,N/A,,,,,,,Not Yet Participating,N.Ireland,BT37 9RH,,,
#causeway,,V02,Causeway Hospital,IBD937,Northern Health and Social Care Trust,IBD792,Causeway Hospital,IBD555,SM resolved,ADDED Service IBD Code,205,Adult,N.Ireland,,N/A,,,,,,,Not Yet Participating,N.Ireland,BT52 1HS,,,
#antrimarea,,V02,Antrim Area Hospital,IBD936,Northern Health and Social Care Trust,IBD792,Antrim Area Hospital,IBD556,SM resolved,ADDED Service IBD Code,206,Adult,N.Ireland,,N/A,,,,,,,Not Yet Participating,N.Ireland,BT41 2RL,,,
#scunthorpe,,V02,Scunthorpe General Hospital,IBD149,Northern Lincolnshire and Goole Hospitals NHS Foundation Trust,IBD721,Scunthorpe General Hospital,IBD557,SM resolved,ADDED Service IBD Code,207,Adult,England,WDET,N/A,Grant paid,,,RJL32,,,Signed (Same Trust),Participating,DN15 7BH,#scunthorpe,Yes - Multiple Sites,Participating
#diana,,V02,Diana Princess of Wales Hospital,IBD148,Northern Lincolnshire and Goole Hospitals NHS Foundation Trust,IBD721,Diana Princess of Wales Hospital,IBD558,SM resolved,ADDED Service IBD Code,208,Adult,England,WDET,N/A,Grant paid,,,RJL30,,,Signed,Participating,DN33 2BA,#diana,Yes - Multiple Sites,Participating
#nottingham-p,,V02,Nottingham Children's Hospital,IBD982,Nottingham University Hospitals NHS Trust,IBD794,Nottingham Children's Hospital,IBD560,SM resolved,ADDED Service IBD Code,217,Paediatric,England,PMS,N/A,,,,,,,Note-Sept (same Trust),,NG7 2UH,,,
#nottingham,,V02,Nottingham NHS Treatment Centre (Circle Health),IBD981,Nottingham University Hospitals NHS Trust,IBD794,Nottingham NHS Treatment Centre (Circle Health),IBD561,SM resolved,ADDED Service IBD Code,218,Adult,England,PMS,N/A,Grant paid,,,,,,Note-Sept (same Trust),,NG7 2FT,,,
#qaportsmouth,,V02,Queen Alexandra Hospital,IBD139,Portsmouth Hospitals NHS Trust,IBD796,Queen Alexandra Hospital,IBD563,SM resolved,ADDED Service IBD Code,222,Adult,England,WDET,N/A,,,,RHU78,,,Sent Sept (Trust lead site),,PO6 3LY,#qaportsmouth,No,
#breconshire,,V02,Breconshire War Memorial Hospital,IBD814,Powys Teaching Health Board,IBD797,Breconshire War Memorial Hospital,IBD564,SM resolved,ADDED Service IBD Code,223,Adult,Wales,,N/A,,,,,,,Note-Sept (same Trust),,LD3 7NS,,,
#royalberks,,V02,Royal Berkshire Hospital,IBD140,Royal Berkshire Hospital Foundation Trust,IBD798,Royal Berkshire Hospital,IBD565,SM resolved,ADDED Service IBD Code,224,Adult,England,PMS,N/A,,,,RHW01,,,Signed,Participating,RG1 5AN,#royalberks,Yes,Participating
#cornwall,,V02,Royal Cornwall Hospital,IBD237,Royal Cornwall Hospitals NHS Trust,IBD799,Royal Cornwall Hospital,IBD566,SM resolved,ADDED Service IBD Code,225,Adult,England,PMS,WT ONLY,Grant paid,,,REF12,,,Signed,Participating,TR1 3LJ,#cornwall,Yes,Participating
#northdevon,,V02,North Devon District Hospital,IBD006,Royal Devon University Healthcare NHS Foundation Trust,IBD600,North Devon District Hospital,IBD370,SM resolved,ADDED Service IBD Code,226,Adult,England,,N/A,,,,RBZ12,,Interested,Sent Sept (Trust lead site),Interested,EX31 4JB,,,Not Participating
#devonexeter-p,,V02,Royal Devon and Exeter Hospital (Paediatric),IBD432,Royal Devon University Healthcare NHS Foundation Trust,IBD600,Royal Devon and Exeter Hospital (Paediatric),IBD369,SM resolved,ADDED Service IBD Code,227,Paediatric,England,EPIC,N/A,,,,RH801,,,Note-Sept (same Trust),Participating,EX2 5DW,,,Participating
#devonexeter,,V02,Royal Devon and Exeter Hospital,IBD026,Royal Devon University Healthcare NHS Foundation Trust,IBD600,Royal Devon and Exeter Hospital,IBD368,SM resolved,ADDED Service IBD Code,228,Adult,England,EPIC,VEST ONLY,,,,RH801,,Joined 5+ yrs ago,Early progress,Participating,EX2 5DW,#devonexeter,Yes,Participating
#royalfree,,V02,Royal Free Hospital,IBD111,Royal Free London NHS Foundation Trust,IBD601,Royal Free Hospital,IBD567,SM resolved,ADDED Service IBD Code,231,Adult,England,PMS,N/A,,,,RAL01,,,Note-Sept (same Trust),Participating,NW3 2QG,#royalfree,Yes,Participating
#royalfree-p,,V02,Royal Free Hospital (Paediatric),IBD401,Royal Free London NHS Foundation Trust,IBD601,Royal Free Hospital (Paediatric),IBD568,SM resolved,ADDED Service IBD Code,232,Paediatric,England,PMS,N/A,,,,RAL01,,,Note-Sept (same Trust),Participating,NW3 2QG,,,
#royalsurrey,,V02,Royal Surrey County Hospital,IBD105,Royal Surrey County Hospital NHS Foundation Trust,IBD502,Royal Surrey County Hospital,IBD569,SM resolved,ADDED Service IBD Code,233,Adult,England,WDET,N/A,,,,RA201,,,Signed,Participating,GU2 7XX,#royalsurrey,Yes,Participating
#bath,,V02,"Royal United Hospital, Bath",IBD123,Royal United Hospital NHS Foundation Trust,IBD503,"Royal United Hospital, Bath",IBD570,SM resolved,ADDED Service IBD Code,234,Adult,England,PMS,N/A,,,,RD1J5,,,Signed,Declined,BA1 3NG,,,Not Participating
#salisbury,,V02,Salisbury Hospital,IBD066,Salisbury NHS Foundation Trust,IBD505,Salisbury Hospital,IBD571,SM resolved,ADDED Service IBD Code,235,Adult,England,PMS,N/A,DEG 2018.19,,,RNZ00,,,Escalated,,SP2 8BJ,,,
#sheffield-p,,V02,Sheffield Children's Hospital,IBD450,Sheffield Children's Hospital NHS Foundation Trust,IBD607,Sheffield Children's Hospital,IBD572,SM resolved,ADDED Service IBD Code,238,Paediatric,England,WDET,WT&VEST,,,,RCUEF,,,Signed,Participating,S10 2TH,#sheffield-p,Yes,Participating
#yeovil,,V02,Yeovil District Hospital,IBD085,Somerset NHS Foundation Trust,IBD512,Yeovil District Hospital,IBD573,SM resolved,ADDED Service IBD Code,243,Adult,England,PMS,N/A,Grant paid,,,RA430,,,Signed,Declined,BA21 4AT,#yeovil,Cancelled,Participating
#musgrove,,V02,Musgrove Park Hospital,IBD144,Somerset NHS Foundation Trust,IBD512,Musgrove Park Hospital,IBD574,SM resolved,ADDED Service IBD Code,244,Adult,England,HICSS (EMIS),N/A,PO raised,,,RBA11,,,Signed,Participating,TA1 5DA,#taunton,Yes,Participating
#ulster,,V02,Ulster Hospital,IBD940,South Eastern Health and Social Care Trust,IBD513,Ulster Hospital,IBD575,SM resolved,ADDED Service IBD Code,245,Adult,N.Ireland,EPIC,N/A,,,,,,,Not Yet Participating,N.Ireland,BT16 1RH,,,
#laganvalley,,V02,Lagan Valley Hospital,IBD178,South Eastern Health and Social Care Trust,IBD513,Lagan Valley Hospital,IBD576,SM resolved,ADDED Service IBD Code,246,Adult,N.Ireland,EPIC,N/A,,,,NEW - BSG 2019,,,Not Yet Participating,N.Ireland,BT28 1JP,,,Not Participating
#downe,,V02,Downe Hospital,IBD941,South Eastern Health and Social Care Trust,IBD513,Downe Hospital,IBD577,SM resolved,ADDED Service IBD Code,247,Adult,N.Ireland,EPIC,N/A,,,,,,,Not Yet Participating,N.Ireland,BT30 6RL,,,
#southtyneside,,V02,South Tyneside District Hospital,IBD053,South Tyneside and Sunderland NHS Foundation Trust,IBD515,South Tyneside District Hospital,IBD578,SM resolved,ADDED Service IBD Code,250,Adult,England,MEDITECH,N/A,,,,R0B0Q,,,Sent Sept (Trust lead site),,NE34 0PL,#southtyneside,TBC,Participating
#sunderland,,V02,Sunderland Royal Hospital,IBD987,South Tyneside and Sunderland NHS Foundation Trust,IBD515,Sunderland Royal Hospital,IBD579,SM resolved,ADDED Service IBD Code,251,Adult,England,MEDITECH,N/A,,,,,,,Note-Sept (same Trust),,SR4 7TP,,,
#sunderland-p,,V02,Sunderland Royal Hospital (Paediatric),IBD838,South Tyneside and Sunderland NHS Foundation Trust,IBD515,Sunderland Royal Hospital (Paediatric),IBD580,SM resolved,ADDED Service IBD Code,252,Paediatric,England,,N/A,,,,,,,Note-Sept (same Trust),,SR4 7TP,,,
#warwick,,V02,Warwick Hospital,IBD008,South Warwickshire University NHS Foundation Trust,IBD516,Warwick Hospital,IBD371,SM resolved,ADDED Service IBD Code,253,Adult,England,WDET,PV - Hyrimoz,,Non - Specific,,RJC02,,Joined prev year,Signed,Participating,CV34 5BW,#warwick,Yes,Participating
#southtyrone,,V02,South Tyrone Hospital,IBD946,Southern Health and Social Care Trust,IBD617,South Tyrone Hospital,IBD581,SM resolved,ADDED Service IBD Code,254,Adult,N.Ireland,,N/A,,,,,,,Not Yet Participating,N.Ireland,BT71 4AU,,,
#daisyhill,,V02,Daisy Hill Hospital,IBD952,Southern Health and Social Care Trust,IBD617,Daisy Hill Hospital,IBD583,SM resolved,ADDED Service IBD Code,256,Adult,N.Ireland,,N/A,,,,,,,Note-Sept (same Trust),,BT35 8DR,,,
#craigavon,,V02,Craigavon Area Hospital,IBD945,Southern Health and Social Care Trust,IBD617,Craigavon Area Hospital,IBD372,SM resolved,ADDED Service IBD Code,257,Adult,N.Ireland,,N/A,,,,,,,Note-Sept (same Trust),,BT63 5QQ,,,
#southport,,V02,Southport and Formby District General Hospital,IBD167,Southport and Ormskirk Hospitals NHS Trust,IBD419,Southport and Formby District General Hospital,IBD585,SM resolved,ADDED Service IBD Code,259,Adult,England,WDET,N/A,Grant paid,,,RVY03,,,Signed,Participating,PR8 6PN,#southport,Yes,Participating
#stgeorges-p,,V02,St George's Hospital (Paediatric),IBD462,St George's University Hospital NHS Foundation Trust,IBD421,St George's Hospital (Paediatric),IBD386,SM resolved,ADDED Service IBD Code,260,Paediatric,England,WDET,N/A,,,IBD421,RJ701,,,Note-Sept (same Trust),Declined,SW17 0QT,#stgeorges,No,Not Participating
#whiston,,V02,Whiston Hospital,IBD013,St Helens and Knowsley Teaching Hospital NHS Trust,IBD620,Whiston Hospital,IBD586,SM resolved,ADDED Service IBD Code,262,Adult,England,PMS,N/A,PO raised,,,RBN01,,,Sent Sept (Trust lead site),Participating,L35 5DR,#whiston,Yes,Participating
#steppinghill,,V02,Stepping Hill Hospital,IBD043,Stockport NHS Foundation Trust,IBD621,Stepping Hill Hospital,IBD587,SM resolved,ADDED Service IBD Code,263,Adult,England,PMS,N/A,,,,RWJ01,,,Sent Sept (Trust lead site),Participating,SK2 7JE,#steppinghill,Yes,
#eastsurrey,,V02,East Surrey Hospital,IBD152,Surrey and Sussex Healthcare NHS Trust,IBD522,East Surrey Hospital,IBD588,SM resolved,ADDED Service IBD Code,264,Adult,England,PMS,N/A,,,,RTP04,,,Signed,Participating,RH1 5RH,#eastsurrey,Yes,Participating
#morriston,,V02,Morriston Hospital,IBD236,Swansea Bay University Health Board,IBD623,Morriston Hospital,IBD589,SM resolved,ADDED Service IBD Code,265,Adult,Wales,WDET,N/A,,,,7A3C7,,,Not Yet Participating,Wales,SA6 6NL,,,Not Participating
#neathport,,V02,Neath Port Talbot Hospital,IBD821,Swansea Bay University Health Board,IBD623,Neath Port Talbot Hospital,IBD591,SM resolved,ADDED Service IBD Code,267,Adult,Wales,,N/A,,,,,,,Note-Sept (same Trust),,SA12 7BX,,,
#singleton,,V02,Singleton Hospital,IBD836,Swansea Bay University Health Board,IBD623,Singleton Hospital,IBD592,SM resolved,ADDED Service IBD Code,268,Adult,Wales,,N/A,,,,,,,Note-Sept (same Trust),,SA2 8QA,,,
#tameside,,V02,Tameside Hospital,IBD037,Tameside and Glossop Integrated Care NHS Foundation Trust,IBD624,Tameside Hospital,IBD593,SM resolved,ADDED Service IBD Code,269,Adult,England,WDET,N/A,,,,RMP01,,,Signed,Participating,OL6 9RW,#tameside,Access Rescinded,Participating
#russellshall,,V02,Russells Hall Hospital,IBD052,The Dudley Group of Hospitals NHS Trust,IBD625,Russells Hall Hospital,IBD594,SM resolved,ADDED Service IBD Code,270,Adult,England,WDET,PV - Hyrimoz,Grant paid,Non - Specific,,RNA01,,,Sent Sept (Trust lead site),Participating,DY1 2HQ,#russellshall,Yes,
#hillingdon,,,Hillingdon Hospital,IBD177,The Hillingdon Hospitals NHS Foundation Trust,IBD626,Hillingdon and Mount Vernon Hospitals,IBD321,SM resolved,No change,271,Adult,England,WDET,PV - Hyrimoz,,Hyrimoz,,RAS01,,,Signed,Participating,UB8 3NN,#hillingdon,Yes,Participating
#mountvernon,,,Mount Vernon Hospital,IBD817,The Hillingdon Hospitals NHS Foundation Trust,IBD626,Hillingdon and Mount Vernon Hospitals,IBD321,SM resolved,No change,272,Adult,England,,N/A,,,,,,,Signed (Same Trust),,HA6 2RN,,,
#leedsjames,,V02,"St James's Hospital, Leeds",IBD609,The Leeds Teaching Hospitals NHS Trust,IBD527,"St James's Hospital, Leeds",IBD595,SM resolved,ADDED Service IBD Code,273,Adult,England,INHOUSE,N/A,,,,RR8R2,,Interested,Signed,,LS9 7TF,,,Not Participating
#leeds-p,,V02,Leeds General Infirmary (Paediatric),IBD410,The Leeds Teaching Hospitals NHS Trust,IBD527,Leeds General Infirmary (Paediatric),IBD596,SM resolved,ADDED Service IBD Code,274,Paediatric,England,INHOUSE,N/A,,,,,,Interested,Signed (Same Trust),,LS1 3EX,,,Not Participating
#leeds,,V02,Leeds General Infirmary,IBD263,The Leeds Teaching Hospitals NHS Trust,IBD527,Leeds General Infirmary,IBD597,SM resolved,ADDED Service IBD Code,275,Adult,England,INHOUSE,N/A,,,,,,,Signed (Same Trust),,LS1 3EX,,,
#newcastle-p,,V02,Great North Children's Hospital,IBD418,The Newcastle upon Tyne Hospitals NHS Foundation Trust,IBD714,Great North Children's Hospital,IBD598,SM resolved,ADDED Service IBD Code,281,Paediatric,England,CERNER,VEST ONLY,,,,NO ODS CODE,,,Note-Sept (same Trust),Declined,NE1 4LP,,,
#princessalexandra,,V02,Princess Alexandra Hospital,IBD260,The Princess Alexandra Hospital NHS Trust,IBD529,Princess Alexandra Hospital,IBD599,SM resolved,ADDED Service IBD Code,282,Adult,England,PMS,N/A,Grant paid,,,RQWG0,,,Signed,,CM20 1QX,,,Not Participating
#kingslynn-p,,V02,"Queen Elizabeth Hospital, King's Lynn (Paediatric)",IBD634,The Queen Elizabeth Hospital King's Lynn NHS Foundation Trust,IBD530,"Queen Elizabeth Hospital, King's Lynn (Paediatric)",IBD604,SM resolved,ADDED Service IBD Code,283,Paediatric,England,WDET,N/A,,,,RCX70,,Joined in year,Signed (Same Trust),Invitation,PE30 4ET,,,Not Participating
#kingslynn,,V02,"Queen Elizabeth Hospital, King's Lynn",IBD630,The Queen Elizabeth Hospital King's Lynn NHS Foundation Trust,IBD530,"Queen Elizabeth Hospital, King's Lynn",IBD642,SM resolved,ADDED Service IBD Code,284,Adult,England,WDET,N/A,Grant paid,,,RCX70,,Joined in year,Signed,Invitation,PE30 4ET,,,Not Participating
#rotherham,,V02,Rotherham General Hospital,IBD047,The Rotherham NHS Foundation Trust,IBD531,Rotherham General Hospital,IBD655,SM resolved,ADDED Service IBD Code,285,Adult,England,WDET,N/A,,,,RFR11,,In progress,Signed,Interested,S60 2UD,,,
#torbay,,V02,Torbay Hospital,IBD444,Torbay and South Devon NHS Foundation Trust,IBD533,Torbay Hospital,IBD660,SM resolved,ADDED Service IBD Code,291,Adult,England,WDET,N/A,Grant paid,,,RA901,,,Signed,Participating,TQ2 7AA,#torbay,Yes,Participating
#grantham,,V02,Grantham and District Hospital,IBD109,United Lincolnshire Hospitals NHS Trust,IBD723,"Grantham and District, Lincoln County and Pilgrim Hospitals",IBD319,SM resolved,ADDED Service IBD Code,292,Adult,England,WDET,VEST ONLY,,,IBD109,RWDLP,,Joined in year,Signed,,NG31 8DG,,,Not Participating
#lincoln,,V02,Lincoln County Hospital,IBD197,United Lincolnshire Hospitals NHS Trust,IBD723,"Grantham and District, Lincoln County and Pilgrim Hospitals",IBD319,SM resolved,ADDED Service IBD Code,293,Adult,England,WDET,N/A,,,IBD197,RWDDA,,Joined in year,Signed (Same Trust),,LN2 5QY,,,Not Participating
#pilgrim,,V02,Pilgrim Hospital,IBD211,United Lincolnshire Hospitals NHS Trust,IBD723,"Grantham and District, Lincoln County and Pilgrim Hospitals",IBD319,SM resolved,ADDED Service IBD Code,294,Adult,England,WDET,N/A,,,IBD211,RWDLA,,Joined in year,Signed (Same Trust),,PE21 9QS,,,Not Participating
#uclh-p,,V02,University College Hospital (Paediatric),IBD996,University College London Hospitals NHS Foundation Trust,IBD534,University College Hospital (Paediatric),IBD661,SM resolved,ADDED Service IBD Code,295,Paediatric,England,,N/A,,,,,,,Signed (Same Trust),,NW1 2BU,,,
#uclh,,V02,University College Hospital,IBD146,University College London Hospitals NHS Foundation Trust,IBD534,University College Hospital,IBD662,SM resolved,ADDED Service IBD Code,296,Adult,England,EPIC,PV&VEST,,Hyrimoz,,RRV00,,Joined 5+ yrs ago,Signed,Participating,NW1 2BU,#uclh,Yes,Participating
#southampton,,V02,Southampton General Hospital,IBD011,University Hospital Southampton NHS Foundation Trust,IBD637,Southampton General Hospital,IBD663,SM resolved,ADDED Service IBD Code,297,Adult,England,HICSS (EMIS),VEST ONLY,,,,RHM01,,Joined 5+ yrs ago,Signed,Participating,SO16 6YD,#southampton,Yes,Participating
#southampton-p,,V02,Southampton Children's Hospital,IBD985,University Hospital Southampton NHS Foundation Trust,IBD637,Southampton Children's Hospital,IBD664,SM resolved,ADDED Service IBD Code,298,Paediatric,England,,N/A,,,,,,,Note-Sept (same Trust),,SO16 6YD,,,
#bristol-p,,V02,Bristol Royal Hospital for Children,IBD403,University Hospitals Bristol and Weston NHS Foundation Trust,IBD638,Bristol Royal Hospital for Children,IBD665,SM resolved,ADDED Service IBD Code,299,Paediatric,England,PMS,N/A,,,,RA723,,,Signed,Interested,BS2 8BJ,,,Not Participating
#bristolri,,V02,Bristol Royal Infirmary,IBD159,University Hospitals Bristol and Weston NHS Foundation Trust,IBD638,Bristol Royal Infirmary,IBD666,SM resolved,ADDED Service IBD Code,300,Adult,England,WDET,N/A,,,,RA701,,,Signed (Same Trust),Invitation,BS2 8HW,,,Not Participating
#weston,,V02,Weston General Hospital,IBD039,University Hospitals Bristol and Weston NHS Foundation Trust,IBD638,Weston General Hospital,IBD667,SM resolved,ADDED Service IBD Code,301,Adult,England,MEDWAY,N/A,,,,NO ODS CODE,,,Signed (Same Trust),,BS23 4TQ,,,
#coventry,,V02,University Hospital Coventry,IBD169,University Hospitals Coventry and Warwickshire NHS Trust,IBD535,University Hospital Coventry,IBD668,SM resolved,ADDED Service IBD Code,302,Adult,England,PMS,PV - Hyrimoz,Grant paid,Non - Specific,,RKB01,,,Signed,Participating,CV2 2DX,#coventry,Yes,Participating
#bournemouth,,V02,Royal Bournemouth Hospital,IBD188,University Hospitals Dorset NHS Foundation Trust,IBD639,Royal Bournemouth Hospital,IBD669,SM resolved,ADDED Service IBD Code,303,Adult,England,HICSS (EMIS),N/A,,,,RDZ20,,Joined 5+ yrs ago,Signed,Participating,BH7 7DW,#bournemouth,Yes,Participating
#poole,,V02,Poole Hospital,IBD112,University Hospitals Dorset NHS Foundation Trust,IBD639,Poole Hospital,IBD670,SM resolved,ADDED Service IBD Code,304,Adult,England,WDET,N/A,,,,RD300,,,Signed (Same Trust),Participating,BH15 2JB,#poole,Yes,Participating
#poole-p,,V02,Poole Hospital (Paediatric),IBD827,University Hospitals Dorset NHS Foundation Trust,IBD639,Poole Hospital (Paediatric),IBD671,SM resolved,ADDED Service IBD Code,305,Paediatric,England,,N/A,,,,,,,Signed (Same Trust),,BH15 2JB,,,
#heartlands,,V02,Heartlands Hospital,IBD633,University Hospitals of Birmingham NHS Foundation Trust,IBD608,Heartlands Hospital,IBD375,SM resolved,ADDED Service IBD Code,306,Adult,England,WDET,N/A,,,,NO ODS CODE,,,Signed (Same Trust),,B9 5SS,,,Not Participating
#qehbirmingham,,V02,"Queen Elizabeth Hospital, Birmingham",IBD635,University Hospitals of Birmingham NHS Foundation Trust,IBD608,"Queen Elizabeth Hospital, Birmingham",IBD387,SM resolved,ADDED Service IBD Code,307,Adult,England,WDET,N/A,,,,RRK15,,,Signed,Participating,B15 2GW,#qehbirmingham,Yes,Participating
#solihull,,V02,Solihull Hospital,IBD921,University Hospitals of Birmingham NHS Foundation Trust,IBD608,Solihull Hospital,IBD384,SM resolved,ADDED Service and Service IBD Code,308,Adult,England,WDET,N/A,,,,,,,Signed (Same Trust),,B91 2JL,,,
#goodhope,,V02,Good Hope Hospital,IBD920,University Hospitals of Birmingham NHS Foundation Trust,IBD608,Good Hope Hospital,IBD382,SM resolved,ADDED Service IBD Code,309,Adult,England,WDET,N/A,,,,,,,Signed (Same Trust),,B75 7RR,,,
#burton,,V02,"Queen's Hospital, Burton",IBD164,University Hospitals of Derby and Burton NHS Foundation Trust,IBD640,"Queen's Hospital, Burton",IBD672,SM resolved,ADDED Service IBD Code,310,Adult,England,WDET,N/A,,,,RJF02,,,Signed (Same Trust),Invitation,DE13 0RB,,,Not Participating
#derby,,V02,Royal Derby Hospital,IBD222,University Hospitals of Derby and Burton NHS Foundation Trust,IBD640,Royal Derby Hospital,IBD673,SM resolved,ADDED Service IBD Code,311,Adult,England,PMS,N/A,,,,RTGFG,,,Signed,Participating,DE22 3NE,#derby,Yes,Participating
#burton-p,,V02,"Queen's Hospital, Burton (Paediatric)",IBD430,University Hospitals of Derby and Burton NHS Foundation Trust,IBD640,"Queen's Hospital, Burton (Paediatric)",IBD674,SM resolved,ADDED Service IBD Code,312,Paediatric,England,WDET,N/A,,,,RJF02,,,Signed (Same Trust),Invitation,DE13 0RB,,,Not Participating
#furness,,,Furness General Hospital,IBD627,University Hospitals of Morecambe Bay NHS Foundation Trust,IBD641,"Royal Lancaster Infirmary, Furness General, Westmoreland General and Queen Victoria Hospitals",IBD354,SM resolved,No change,318,Adult,England,WDET,N/A,,,,RTXBU,,,Signed,Participating,LA14 4LF,#UHmorecambebay,Yes,Participating
#royallan,,,Royal Lancaster Infirmary,IBD988,University Hospitals of Morecambe Bay NHS Foundation Trust,IBD641,"Royal Lancaster Infirmary, Furness General, Westmoreland General and Queen Victoria Hospitals",IBD354,SM resolved,No change,319,Adult,England,,N/A,,,,,,,Signed (Same Trust),,LA1 4RP,,,
#westmorland,,,Westmorland General Hospital,IBD989,University Hospitals of Morecambe Bay NHS Foundation Trust,IBD641,"Royal Lancaster Infirmary, Furness General, Westmoreland General and Queen Victoria Hospitals",IBD354,SM resolved,No change,320,Adult,England,,N/A,,,,,,,Signed (Same Trust),,LA9 7RG,,,
#queenvictoria,,,Queen Victoria Hospital,IBD807,University Hospitals of Morecambe Bay NHS Foundation Trust,IBD641,"Royal Lancaster Infirmary, Furness General, Westmoreland General and Queen Victoria Hospitals",IBD354,SM resolved,No change,321,Adult,England,,N/A,,,,,,,Signed (Same Trust),,LA4 5NN,,,
#county,,V02,County Hospital,IBD808,University Hospitals of North Midlands NHS Trust,IBD536,Royal Stoke University and County Hospitals,IBD360,SM resolved,,322,Adult,England,,N/A,,,,,,,Signed (Same Trust),,ST16 3SA,,,
#royalstoke,,V02,Royal Stoke University Hospital,IBD183,University Hospitals of North Midlands NHS Trust,IBD536,Royal Stoke University and County Hospitals,IBD360,SM resolved,,323,Adult,England,PMS,N/A,Grant paid,,,RJE01,,Joined prev year,Signed,,ST4 6QG,,,
#royalstoke-p,,V02,Royal Stoke University Hospital (Paediatric),IBD427,University Hospitals of North Midlands NHS Trust,IBD536,Royal Stoke University Hospital (Paediatric),IBD675,SM resolved,ADDED Service IBD Code,324,Paediatric,England,PMS,N/A,,,,RJE01,,Joined prev year,Signed (Same Trust),,ST4 6QG,,,
#derriford,,V02,Derriford Hospital,IBD173,University Hospitals Plymouth NHS Trust,IBD643,Derriford Hospital,IBD676,SM resolved,ADDED Service IBD Code,325,Adult,England,PMS,N/A,,,,RK91G,,,Sent Sept (Trust lead site),Declined,PL6 8DH,,,Not Participating
#royalexandra-p,,V02,Royal Alexandra Children's Hospital,IBD451,University Hospitals Sussex NHS Foundation Trust,IBD644,Royal Alexandra Children's Hospital,IBD677,SM resolved,ADDED Service IBD Code,330,Paediatric,England,,N/A,,,,,,,Signed (Same Trust),,BN2 5BE,,,
#walsall,,V02,Walsall Manor Hospital,IBD158,Walsall Healthcare NHS Trust,IBD645,Walsall Manor Hospital,IBD678,SM resolved,ADDED Service IBD Code,331,Adult,England,,PV - Hyrimoz,Grant paid,Non - Specific,,NO ODS CODE,,,Sent Sept (Trust lead site),,WS2 9PS,,,Not Participating
#warrington,,V02,Warrington Hospital,IBD116,Warrington and Halton Teaching Hospitals NHS Foundation Trust,IBD646,Warrington Hospital,IBD679,SM resolved,ADDED Service IBD Code,332,Adult,England,WDET,N/A,Grant paid,,,RWWWH,,,Signed,Participating,WA5 1QG,#warrington,Yes,
#stalbans,,V02,St Albans Hospital,IBD967,West Hertfordshire Teaching Hospitals NHS Trust,IBD647,"Watford General, St Albans and Hemel Hempstead Hospitals",IBD365,SM resolved,,333,Adult,England,"PMS, CERNER",VEST ONLY,,,,,,,Signed (Same Trust),,AL3 5PN,,,
#hemel,,V02,Hemel Hempstead Hospital,IBD966,West Hertfordshire Teaching Hospitals NHS Trust,IBD647,"Watford General, St Albans and Hemel Hempstead Hospitals",IBD365,SM resolved,,334,Adult,England,"PMS, CERNER",VEST ONLY,,,,,,,Signed (Same Trust),,HP2 4AD,,,
#watford,,V02,Watford General Hospital,IBD023,West Hertfordshire Teaching Hospitals NHS Trust,IBD647,"Watford General, St Albans and Hemel Hempstead Hospitals",IBD365,SM resolved,,335,Adult,England,"PMS, CERNER",VEST ONLY,,,,RWG02,,,Signed,,WD18 0HB,,,
#westsuffolk,,V02,West Suffolk Hospital,IBD103,West Suffolk NHS Foundation Trust,IBD648,West Suffolk Hospital,IBD680,SM resolved,ADDED Service IBD Code,336,Adult,England,WDET,WT&VEST,,,,RGR50,,,Signed,Participating,IP33 2QZ,#westsuffolk,Yes,Participating
#omagh,,V02,Omagh Hospital and Primary Care Complex,IBD943,Western Health and Social Care Trust,IBD649,Omagh Hospital and Primary Care Complex,IBD681,SM resolved,ADDED Service IBD Code,337,Adult,N.Ireland,,N/A,,,,,,,Not Yet Participating,N.Ireland,BT79 0NR,,,
#altnagelvinarea,,V02,Altnagelvin Area Hospital,IBD942,Western Health and Social Care Trust,IBD649,Altnagelvin Area Hospital,IBD682,SM resolved,ADDED Service IBD Code,338,Adult,N.Ireland,,N/A,,,,,,,Not Yet Participating,N.Ireland,BT47 6SB,,,
#southwest,,V02,South West Acute Hospital,IBD944,Western Health and Social Care Trust,IBD649,South West Acute Hospital,IBD683,SM resolved,ADDED Service IBD Code,339,Adult,N.Ireland,,N/A,,,,,,,Not Yet Participating,N.Ireland,BT74 6DN,,,
#whittington,,V02,Whittington Hospital,IBD017,Whittington Health NHS Trust,IBD650,Whittington Hospital,IBD684,SM resolved,ADDED Service IBD Code,340,Adult,England,WDET,N/A,DEG 2018.19,,,RKE17 & RKEQ4,,,Signed,Participating,N19 5NF,#whittington,Yes,Participating
#hereford,,V02,Hereford County Hospital,IBD009,Wye Valley NHS Trust,IBD654,Hereford County Hospital,IBD685,SM resolved,ADDED Service IBD Code,347,Adult,England,WDET,N/A,,,,RLQ01,,,Signed,Participating,HR1 2EP,#hereford,Yes,Participating
#scarborough,,V02,Scarborough Hospital,IBD202,York and Scarborough Teaching Hospitals NHS Foundation Trust,IBD715,Scarborough Hospital,IBD687,SM resolved,ADDED Service IBD Code,349,Adult,England,WDET,N/A,,,IBD202,RCBCA,,,Sent Sept (Trust lead site),,YO12 6QL,,,
#york,,V02,York Hospital,IBD119,York and Scarborough Teaching Hospitals NHS Foundation Trust,IBD715,York Hospital,IBD377,SM resolved,ADDED Service IBD Code,350,Adult,England,WDET,WT&VEST,,,IBD119,RCB55,,,Note-Sept (same Trust),,YO31 8HE,,,
#nevill,,,Nevill Hall Hospital,IBD248,Aneurin Bevan University Health Board,IBD725,"Royal Gwent Hospital, Nevill Hall Hospital and Ysbyty Ystrad Fawr Hospitals",IBD352,,,3,Adult,Wales,WDET,N/A,,,IBD248,NO ODS CODE,,,Signed,Wales,NP7 7EG,#nevill,TBC,Participating C/F
#royalgwent,,,Royal Gwent Hospital,IBD304,Aneurin Bevan University Health Board,IBD725,"Royal Gwent Hospital, Nevill Hall Hospital and Ysbyty Ystrad Fawr Hospitals",IBD352,,,4,Adult,Wales,WDET,N/A,,,IBD304,NO ODS CODE,,,Signed (Same Trust),Wales,NP20 2UB,,,
#ystrad,,,Ysbyty Ystrad Fawr,IBD305,Aneurin Bevan University Health Board,IBD725,"Royal Gwent Hospital, Nevill Hall Hospital and Ysbyty Ystrad Fawr Hospitals",IBD352,,,5,Adult,Wales,WDET,N/A,,,IBD305,NO ODS CODE,,,Signed (Same Trust),Wales,CF82 7GP,,,
#ashford,,V02,Ashford Hospital,IBD602,Ashford and St Peter's Hospitals NHS Trust,IBD712,Ashford and St Peter's Hospitals,IBD307,,,6,Adult,England,CERNER,N/A,,,,RTK01,,,Signed,Invitation,TW15 3AA,,,Not Participating
#stpeters,,V02,St Peter's Hospital,IBD971,Ashford and St Peter's Hospitals NHS Trust,IBD712,Ashford and St Peter's Hospitals,IBD307,,,7,Adult,England,CERNER,N/A,,,,,,,Signed (Same Trust),,KT16 0PZ,,,
#kgh,,,King George Hospital,IBD618,"Barking, Havering and Redbridge University Hospitals NHS Trust",IBD713,King George and Queen's Hospitals,IBD327,,,9,Adult,England,PMS,N/A,,Non - Specific,,RF4QH,,,Sent Sept (Trust lead site),Participating,IG3 8YB,,,Participating
#queens,,,Queens Hospital,IBD926,"Barking, Havering and Redbridge University Hospitals NHS Trust",IBD713,King George and Queen's Hospitals,IBD327,,,10,Adult,England,PMS,N/A,,,,,,,Note-Sept (same Trust),Participating,RM7 0AG,,,
#royalvictoria,,,Royal Victoria Hospital,IBD102,Belfast Health and Social Care Trust,IBD728,"Belfast City, Royal Victoria and Mater Hospitals",IBD308,,,21,Adult,N.Ireland,UNKNOWN,N/A,,,,N/A,,,Not Yet Participating,N.Ireland,BT12 6BA,,,
#belfastcity,,,Belfast City Hospital,IBD938,Belfast Health and Social Care Trust,IBD728,"Belfast City, Royal Victoria and Mater Hospitals",IBD308,,,22,Adult,N.Ireland,UNKNOWN,N/A,,,,,,,Not Yet Participating,N.Ireland,BT9 7AB,,,
#mater,,,Mater Hospital,IBD939,Belfast Health and Social Care Trust,IBD728,"Belfast City, Royal Victoria and Mater Hospitals",IBD308,,,23,Adult,N.Ireland,UNKNOWN,N/A,,,,,,,Not Yet Participating,N.Ireland,BT14 6AB,,,
#stokemandeville,,,Stoke Mandeville Hospital,IBD900,Buckinghamshire Healthcare NHS Trust,IBD610,Stoke Mandeville and Wycombe Hospitals,IBD358,,,33,Adult,England,WDET,N/A,,,IBD900,RXQ50,,,Signed,,HP21 8AL,,,Not Participating
#wycombe,,,Wycombe Hospital,IBD901,Buckinghamshire Healthcare NHS Trust,IBD610,Stoke Mandeville and Wycombe Hospitals,IBD358,,,34,Adult,England,WDET,N/A,,,IBD901,RXQ02,,,Signed (Same Trust),,HP11 2TT,#wycombe,No,Not Participating
#huddersfield,,V02,Huddersfield Royal Infirmary,IBD301,Calderdale and Huddersfield NHS Foundation Trust,IBD734,Huddersfield Royal Infirmary and Calderdale Royal Hospitals,IBD322,,,35,Adult,England,WDET,WT&VEST,,,,RWY01,,Joined prev year,Signed,Participating,HD3 3EA,#calderhud,Yes,Not Participating
#calderdale,,V02,Calderdale Royal Hospital,IBD927,Calderdale and Huddersfield NHS Foundation Trust,IBD734,Huddersfield Royal Infirmary and Calderdale Royal Hospitals,IBD322,,,36,Adult,England,WDET,WT&VEST,,,,RWY01,,Joined prev year,Signed (Same Trust),Participating,HX3 0PW,,,
#llandough,,,University Hospital of Llandough,IBD207,Cardiff and Vale University Local Health Board,IBD701,University Hospital of Wales and University Hospital Llandough,IBD363,,,39,Adult,Wales,WDET,N/A,,,IBD207,7A4BV,,,Signed,Wales,CF64 2XX,#cardiffvale,No,Not Participating
#uhwales,,,University Hospital of Wales,IBD127,Cardiff and Vale University Local Health Board,IBD701,University Hospital of Wales and University Hospital Llandough,IBD363,,,40,Adult,Wales,WDET,N/A,,,IBD127,7A4BV,,,Signed (Same Trust),Wales,CF14 4XW,#cardiffvale,No,Not Participating
#darlington,,V02,Darlington Memorial Hospital,IBD069,County Durham and Darlington NHS Foundation Trust,IBD704,"University Hospital of North Durham, Darlington Memorial and Bishop Auckland Hospitals",IBD336,,,48,Adult,England,WDET,N/A,Grant paid,,IBD069,RXPDA,,,Signed,Participating,DL3 6HX,#darlington,Yes,Participating
#bishop,,V02,Bishop Auckland Hospital,IBD201,County Durham and Darlington NHS Foundation Trust,IBD704,"University Hospital of North Durham, Darlington Memorial and Bishop Auckland Hospitals",IBD336,,,49,Adult,England,WDET,N/A,Grant paid,,IBD201,,,,Signed (Same Trust),Participating,DL14 6AD,,,
#bishop-p,,V02,Bishop Auckland Hospital (Paediatric),IBD824,County Durham and Darlington NHS Foundation Trust,IBD704,"University Hospital of North Durham, Darlington Memorial and Bishop Auckland Hospitals (Paediatric)",IBD337,,,50,Paediatric,England,,N/A,,,,,,,Signed (Same Trust),,DL14 6AD,,,
#darlington-p,,V02,Darlington Memorial Hospital (Paediatric),IBD825,County Durham and Darlington NHS Foundation Trust,IBD704,"University Hospital of North Durham, Darlington Memorial and Bishop Auckland Hospitals (Paediatric)",IBD337,,,51,Paediatric,England,,N/A,,,,,,,Signed (Same Trust),,DL3 6HX,,,
#durham-p,,V02,University Hospital of North Durham (Paediatric),IBD826,County Durham and Darlington NHS Foundation Trust,IBD704,"University Hospital of North Durham, Darlington Memorial and Bishop Auckland Hospitals (Paediatric)",IBD337,,,52,Paediatric,England,,N/A,,,,,,,Signed (Same Trust),,DH1 5TW,,,
#durham,,V02,University Hospital of North Durham,IBD165,County Durham and Darlington NHS Foundation Trust,IBD704,"University Hospital of North Durham, Darlington Memorial and Bishop Auckland Hospitals",IBD336,,,53,Adult,England,WDET,N/A,Grant paid,,IBD165,,,,Signed (Same Trust),Participating,DH1 5TW,,,Not Participating
#darentvalley,,,Darent Valley Hospital,IBD115,Dartford and Gravesham NHS Trust,IBD741,Darent Valley and Queen Mary's Hospitals,IBD314,,,59,Adult,England,WDET,N/A,PO raised,,,RN707,,,Sent Sept (Trust lead site),Participating,DA2 8DA,#darentvalley,Yes,Participating
#queenmary,,,Queen Mary's Hospital,IBD993,Dartford and Gravesham NHS Trust,IBD741,Darent Valley and Queen Mary's Hospitals,IBD314,,,60,Adult,England,,N/A,,,,,,,Note-Sept (same Trust),,DA14 6LT,,,
#bassetlaw,,,Bassetlaw District General Hospital,IBD968,Doncaster and Bassetlaw Hospitals NHS Foundation Trust,IBD742,Doncaster Royal Infirmary and Bassetlaw District General Hospitals,IBD315,,,61,Adult,England,,N/A,,,,,,Interested,Not Yet Participating,,S81 0BD,,,
#doncasterri,,V02,Doncaster Royal Infirmary,IBD906,Doncaster and Bassetlaw Hospitals NHS Foundation Trust,IBD742,Doncaster Royal Infirmary and Bassetlaw District General Hospitals,IBD315,,,62,Adult,England,,N/A,,,,NEW - EMAIL MAY19,,Interested,Not Yet Participating,,DN2 5LT,,,
#queeneII,,,Queen Elizabeth II Hospital,IBD976,East and North Hertfordshire NHS Trust,IBD744,"Hertford County, Lister and Queen Elizabeth II Hospitals",IBD331,,,64,Adult,England,WDET,N/A,,,,,,,Note-Sept (same Trust),,AL7 4HQ,,,
#lister,,,Lister Hospital,IBD015,East and North Hertfordshire NHS Trust,IBD744,"Hertford County, Lister and Queen Elizabeth II Hospitals",IBD331,,,65,Adult,England,WDET,N/A,,,,RWH01,,,Sent Sept (Trust lead site),Participating,SG1 4AB,#listerqe,Yes,Participating
#hertford,,,Hertford County Hospital,IBD977,East and North Hertfordshire NHS Trust,IBD744,"Hertford County, Lister and Queen Elizabeth II Hospitals",IBD331,,,66,Adult,England,WDET,N/A,,,,,,,Note-Sept (same Trust),,SG14 1LP,,,
#macclesfield,,V02,Macclesfield District General Hospital,IBD908,East Cheshire NHS Trust,IBD745,"Macclesfield District General, Congleton War Memorial and Knutsford and District Community Hospitals",IBD332,,,67,Adult,England,,N/A,,,,,,,Not Yet Participating,Invitation,SK10 3BL,,,Not Participating
#knutsford,,V02,Knutsford and District Community Hospital,IBD801,East Cheshire NHS Trust,IBD745,"Macclesfield District General, Congleton War Memorial and Knutsford and District Community Hospitals",IBD332,,,68,Adult,England,,N/A,,,,,,,Note-Sept (same Trust),,WA16 0BT,,,
#congleton,,V02,Congleton War Memorial Hospital,IBD802,East Cheshire NHS Trust,IBD745,"Macclesfield District General, Congleton War Memorial and Knutsford and District Community Hospitals",IBD332,,,69,Adult,England,,N/A,,,,,,,Note-Sept (same Trust),,CW12 3AR,,,
#williamharvey,,,William Harvey Hospital,IBD923,East Kent Hospitals University NHS Foundation Trust,IBD746,"Kent and Canterbury, William Harvey and Queen Elizabeth the Queen Mother Hospitals",IBD325,,,70,Adult,England,WDET,N/A,,,,,,,Signed (Same Trust),Participating,TN24 0LZ,,,
#qeqm,,,Queen Elizabeth the Queen Mother Hospital,IBD924,East Kent Hospitals University NHS Foundation Trust,IBD746,"Kent and Canterbury, William Harvey and Queen Elizabeth the Queen Mother Hospitals",IBD325,,,71,Adult,England,WDET,N/A,,,,,,,Signed (Same Trust),Participating,CT9 4AN,,,
#qeqm-p,,,Queen Elizabeth the Queen Mother Hospital (Paediatric),IBD819,East Kent Hospitals University NHS Foundation Trust,IBD746,"Kent and Canterbury, William Harvey and Queen Elizabeth the Queen Mother Hospitals (Paediatric)",IBD326,,,72,Paediatric,England,,N/A,,,,,,,Signed (Same Trust),,CT9 4AN,,,
#williamharvey-p,,,William Harvey Hospital (Paediatric),IBD820,East Kent Hospitals University NHS Foundation Trust,IBD746,"Kent and Canterbury, William Harvey and Queen Elizabeth the Queen Mother Hospitals (Paediatric)",IBD326,,,73,Paediatric,England,,N/A,,,,,,,Signed (Same Trust),,TN24 0LZ,,,
#kentcanterbury,,V02,Kent and Canterbury Hospital,IBD613,East Kent Hospitals University NHS Foundation Trust,IBD746,"Kent and Canterbury, William Harvey and Queen Elizabeth the Queen Mother Hospitals",IBD325,,,74,Adult,England,WDET,N/A,,,,RVV09,,,Signed,Participating,CT1 3NG,#eastkent,Yes,Participating
#kentcanterbury-p,,V02,Kent and Canterbury Hospital (Paediatric),IBD818,East Kent Hospitals University NHS Foundation Trust,IBD746,"Kent and Canterbury, William Harvey and Queen Elizabeth the Queen Mother Hospitals (Paediatric)",IBD326,,,75,Paediatric,England,,N/A,,,,,,,Signed (Same Trust),,CT1 3NG,,,
#burnley,,,Burnley General Hospital,IBD907,East Lancashire Hospitals NHS Trust,IBD747,Royal Blackburn and Burnley General Hospitals,IBD351,,,76,Adult,England,,N/A,,,,NEW,,,Not Yet Participating,,BB10 2PQ,,,
#royalblackburn,,,Royal Blackburn Hospital,IBD949,East Lancashire Hospitals NHS Trust,IBD747,Royal Blackburn and Burnley General Hospitals,IBD351,,,77,Adult,England,,N/A,,,,,,,Not Yet Participating,,BB2 3HH,,,
#eastbournedistrict,,,Eastbourne District General Hospital,IBD603,East Sussex Healthcare NHS Trust,IBD748,Eastbourne District General and Conquest Hospitals,IBD316,,,80,Adult,England,WDET,ACCESS RESCINDED,,,,RXCHQ,,,Early progress,Declined,BN21 2UD,#eastsussex,Access Rescinded,Participating
#conquest,,,Conquest Hospital,IBD950,East Sussex Healthcare NHS Trust,IBD748,Eastbourne District General and Conquest Hospitals,IBD316,,,81,Adult,England,WDET,ACCESS RESCINDED,,,,,,,Note-Sept (same Trust),,TN37 7RD,,,
#gloucestershire,,,Gloucestershire Royal Hospital,IBD632,Gloucestershire Hospitals NHS Foundation Trust,IBD752,Gloucester Royal and Cheltenham General Hospitals,IBD318,,,90,Adult,England,INHOUSE,N/A,,,,RTE,,,Not Yet Participating,Declined,GL1 3NN,,,Not Participating
#cheltenham,,,Cheltenham General Hospital,IBD994,Gloucestershire Hospitals NHS Foundation Trust,IBD752,Gloucester Royal and Cheltenham General Hospitals,IBD318,,,91,Adult,England,,N/A,,,,,,,Note-Sept (same Trust),,GL53 7AN,,,
#guys,,,Guy's Hospital,IBD143,Guy's and St Thomas' NHS Foundation Trust,IBD755,Guy's and St Thomas' Hospitals,IBD320,,,94,Adult,England,WDET,WT&VEST,,,,RJ100,,,Signed,Participating,SE1 9RT,#gstt,Yes,Participating
#stthomas,,,St Thomas' Hospital,IBD959,Guy's and St Thomas' NHS Foundation Trust,IBD755,Guy's and St Thomas' Hospitals,IBD320,,,95,Adult,England,WDET,WT&VEST,,,,RJ100,,,Signed (Same Trust),Participating,SE1 7EH,,,
#castlehill,,V02,Castle Hill Hospital,IBD974,Hull University Teaching Hospitals NHS Trust,IBD758,Hull Royal Infirmary and Castle Hill Hospitals,IBD323,,,103,Adult,England,,N/A,,,,,,,Note-Sept (same Trust),,HU16 5JQ,,,
#hullri,,V02,Hull Royal Infirmary,IBD975,Hull University Teaching Hospitals NHS Trust,IBD758,Hull Royal Infirmary and Castle Hill Hospitals,IBD323,,,104,Adult,England,,N/A,,,,,,,Note-Sept (same Trust),,HU3 2JZ,,,
#lewisham,,V02,University Hospital Lewisham,IBD224,Lewisham and Greenwich NHS Trust,IBD709,"University Hospital Lewisham and Queen Elizabeth Hospital, Woolwich",IBD361,,,121,Adult,England,WDET,N/A,,,IBD224,RJ224,,,Sent Sept (Trust lead site),Participating,SE13 6LH,#lewisham,No,Not Participating
#qehgreenwich,,V02,"Queen Elizabeth Hospital, Woolwich",IBD071,Lewisham and Greenwich NHS Trust,IBD709,"University Hospital Lewisham and Queen Elizabeth Hospital, Woolwich",IBD361,,,122,Adult,England,WDET,N/A,,,IBD071,RJ231,,,Note-Sept (same Trust),,SE18 4QH,,,
#northwick-p,,,Northwick Park Hospital (Paediatric),IBD413,London North West University Healthcare NHS Trust,IBD717,Northwick Park and St Mark's Hospitals (Paediatric),IBD339,,,127,Paediatric,England,PMS,VEST ONLY,,,IBD413,R1K01,,,Note-Sept (same Trust),Participating,HA1 3UJ,,,Participating
#stmarks-p,,,St Mark's Hospital  (Paediatric),IBD979,London North West University Healthcare NHS Trust,IBD717,Northwick Park and St Mark's Hospitals (Paediatric),IBD339,,,128,Paediatric,England,PMS,N/A,,,,,,,Note-Sept (same Trust),,HA1 3UJ,,,
#centralmid,,,Central Middlesex Hospital,IBD064,London North West University Healthcare NHS Trust,IBD717,"Northwick Park, St Mark's, Central Middlesex and Ealing Hospitals",IBD340,,,129,Adult,England,WDET,N/A,,,IBD064,R1K01,,,Sent Sept (Trust lead site),Participating,NW10 7NS,,,Not Participating
#ealing,,,Ealing Hospital,IBD107,London North West University Healthcare NHS Trust,IBD717,"Northwick Park, St Mark's, Central Middlesex and Ealing Hospitals",IBD340,,,130,Adult,England,WDET,N/A,,,IBD107,R1K01,,,Note-Sept (same Trust),Participating,UB1 3HW,,,Not Participating
#northwick,,,Northwick Park Hospital,IBD227,London North West University Healthcare NHS Trust,IBD717,"Northwick Park, St Mark's, Central Middlesex and Ealing Hospitals",IBD340,,,131,Adult,England,PMS,VEST ONLY,,,IBD227,R1K01,,,Note-Sept (same Trust),Participating,HA1 3UJ,#northwick,Yes,Participating
#stmarks,,,St Mark's Hospital,IBD978,London North West University Healthcare NHS Trust,IBD717,"Northwick Park, St Mark's, Central Middlesex and Ealing Hospitals",IBD340,,,132,Adult,England,PMS,N/A,,,,,,,Note-Sept (same Trust),,HA1 3UJ,,,
#maidstone,,,Maidstone Hospital,IBD262,Maidstone and Tunbridge Wells NHS Trust,IBD718,Maidstone Hospital and Tunbridge Wells Hospitals,IBD333,,,133,Adult,England,WDET,WT&VEST,,,IBD262,RWFTW,,,Signed,Participating,ME16 9QQ,#maidstone,Yes,Participating
#tunbridge,,V02,Tunbridge Wells Hospital,IBD077,Maidstone and Tunbridge Wells NHS Trust,IBD718,Maidstone Hospital and Tunbridge Wells Hospitals,IBD333,,,134,Adult,England,WDET,WT&VEST,,,IBD077,RWFTW,,,Signed (Same Trust),Participating,TN2 4QJ,,,Participating
#manchesterri,,,Manchester Royal Infirmary,IBD186,Manchester University NHS Foundation Trust,IBD768,Manchester Royal Infirmary and Trafford General Hospitals,IBD334,,,137,Adult,England,PMS,N/A,,,,RW3MR,,,Early progress,Interested,M13 9WL,,,Not Participating
#trafford,,,Trafford General Hospital,IBD803,Manchester University NHS Foundation Trust,IBD768,Manchester Royal Infirmary and Trafford General Hospitals,IBD334,,,138,Adult,England,,N/A,,,,,,,Note-Sept (same Trust),,M41 5SL,,,
#queenmargaret,,,Queen Margaret Hospital,IBD914,NHS Fife,IBD777,Queen Margaret and Victoria Hospitals,IBD346,,,155,Adult,Scotland,,N/A,,,,,,,Note-Sept (same Trust),Scotland,KY12 0SU,,,
#victoria,,,Victoria Hospital,IBD915,NHS Fife,IBD777,Queen Margaret and Victoria Hospitals,IBD346,,,156,Adult,Scotland,,N/A,,,,,,,Note-Sept (same Trust),Scotland,KY2 5AH,,,
#inverclyde,,V02,Inverclyde Royal Infirmary,IBD813,NHS Greater Glasgow and Clyde,IBD779,"Royal Alexandra, Vale of Leven and Inverclyde Royal Hospitals",IBD350,,,161,Adult,Scotland,,N/A,,,,,,,Note-Sept (same Trust),,PA16 0XN,,,
#qeuhglasgow,,V02,Queen Elizabeth University Hospital,IBD919,NHS Greater Glasgow and Clyde,IBD779,"Queen Elizabeth, New Victoria and Gartnavel Hospitals, Glasgow",IBD345,,,165,Adult,Scotland,,N/A,,,,,,,Note-Sept (same Trust),,G51 4TF,,,
#gartnavel,,V02,Gartnavel General Hospital,IBD804,NHS Greater Glasgow and Clyde,IBD779,"Queen Elizabeth, New Victoria and Gartnavel Hospitals, Glasgow",IBD345,,,166,Adult,Scotland,,N/A,,,,,,,Note-Sept (same Trust),,G12 0YN,,,
#newvictoria,,V02,New Victoria Hospital,IBD805,NHS Greater Glasgow and Clyde,IBD779,"Queen Elizabeth, New Victoria and Gartnavel Hospitals, Glasgow",IBD345,,,167,Adult,Scotland,,N/A,,,,,,,Note-Sept (same Trust),,G42 9LF,,,
#valeleven,,V02,Vale of Leven Hospital,IBD806,NHS Greater Glasgow and Clyde,IBD779,"Royal Alexandra, Vale of Leven and Inverclyde Royal Hospitals",IBD350,,,168,Adult,Scotland,,N/A,,,,,,,Note-Sept (same Trust),,G83 0UA,,,
#princessalexandraG,,V02,Royal Alexandra Hospital,IBD833,NHS Greater Glasgow and Clyde,IBD779,"Royal Alexandra, Vale of Leven and Inverclyde Royal Hospitals",IBD350,,,169,Adult,Scotland,,N/A,,,,,,,Note-Sept (same Trust),,PA2 9PN,,,
#royalinfirmary,,,Royal Infirmary of Edinburgh,IBD809,NHS Lothian,IBD782,"Western General, Royal Infirmary of Edinburgh and St John's Hospitals",IBD366,,,175,Adult,Scotland,,N/A,,,,,,,Note-Sept (same Trust),Scotland,EH16 4SA,,,
#westerngeneral,,,Western General Hospital,IBD810,NHS Lothian,IBD782,"Western General, Royal Infirmary of Edinburgh and St John's Hospitals",IBD366,,,176,Adult,Scotland,,N/A,,,,,,,Note-Sept (same Trust),Scotland,EH4 2XU,,,
#stjohns,,V02,St John's Hospital,IBD811,NHS Lothian,IBD782,"Western General, Royal Infirmary of Edinburgh and St John's Hospitals",IBD366,,,177,Adult,Scotland,,N/A,,,,,,,Note-Sept (same Trust),Scotland,EH54 6PP,,,
#ninewells,,,Ninewells Hospital,IBD822,NHS Tayside,IBD705,Ninewells and Perth Royal Infirmary Hospitals,IBD335,,,181,Adult,Scotland,,N/A,,,,,,,Note-Sept (same Trust),,DD2 1UB,,,
#perthri,,V02,Perth Royal Infirmary,IBD823,NHS Tayside,IBD705,Ninewells and Perth Royal Infirmary Hospitals,IBD335,,,184,Adult,Scotland,,N/A,,,,,,,Note-Sept (same Trust),,PH1 1NX,,,
#cumberland,,,Cumberland Infirmary,IBD231,North Cumbria Integrated Care NHS Foundation Trust,IBD787,Cumberland Infirmary and West Cumberland Hospitals,IBD313,,,190,Adult,England,PMS,N/A,,,,RNN62,,In progress,Sent Sept (Trust lead site),Declined,CA2 7HY,,,Not Participating
#westcumberland,,,West Cumberland,IBD991,North Cumbria Integrated Care NHS Foundation Trust,IBD787,Cumberland Infirmary and West Cumberland Hospitals,IBD313,,,191,Adult,England,PMS,N/A,,,,,,In progress,Note-Sept (same Trust),,CA28 8JG,,,
#hartlepool,,,University Hospital of Hartlepool,IBD088,North Tees and Hartlepool NHS Foundation Trust,IBD720,University Hospital of North Tees and University Hospital of Hartlepool,IBD362,,,194,Adult,England,PMS,N/A,,,,RVWAA,,Interested,Signed,,TS24 9AH,,,Not Participating
#northtees,,,University Hospital of North Tees,IBD200,North Tees and Hartlepool NHS Foundation Trust,IBD720,University Hospital of North Tees and University Hospital of Hartlepool,IBD362,,,195,Adult,England,PMS,N/A,,,,RVWAE,,Interested,Signed (Same Trust),,TS19 8PE,,,Not Participating
#wansbeck,,,Wansbeck General Hospital,IBD619,Northumbria Healthcare NHS Foundation Trust,IBD793,"Wansbeck General, North Tyneside General and Hexham General Hospitals",IBD364,,,209,Adult,England,UNKNOWN,N/A,,,,NO ODS CODE,,,Not Yet Participating,,NE63 9JJ,,,Not Participating
#northtyneside,,,North Tyneside General Hospital,IBD961,Northumbria Healthcare NHS Foundation Trust,IBD793,"Wansbeck General, North Tyneside General and Hexham General Hospitals",IBD364,,,210,Adult,England,UNKNOWN,N/A,,,,,,,Not Yet Participating,,NE29 8NH,,,
#hexham,,,Hexham General Hospital,IBD962,Northumbria Healthcare NHS Foundation Trust,IBD793,"Wansbeck General, North Tyneside General and Hexham General Hospitals",IBD364,,,211,Adult,England,UNKNOWN,N/A,,,,,,,Not Yet Participating,,NE46 1QJ,,,
#qmc,,V02,Queens Medical Centre,IBD166,Nottingham University Hospitals NHS Trust,IBD794,Queen's Medical Centre and City Hospital,IBD347,,,213,Adult,England,PMS,N/A,Grant paid,,,RGT2T,,,Escalated,,NG7 2UH,,,Not Participating
#city-p,,V02,City Hospital (Paediatric),IBD831,Nottingham University Hospitals NHS Trust,IBD794,Queen's Medical Centre and City Hospital (Paediatric),IBD348,,,214,Paediatric,England,,N/A,,,,,,,Note-Sept (same Trust),,NG5 1PB,,,
#city,,V02,City Hospital,IBD980,Nottingham University Hospitals NHS Trust,IBD794,Queen's Medical Centre and City Hospital,IBD347,,,215,Adult,England,PMS,N/A,Grant paid,,,,,,Note-Sept (same Trust),,NG5 1PB,,,
#qmc-p,,V02,Queens Medical Centre (Paediatric),IBD830,Nottingham University Hospitals NHS Trust,IBD794,Queen's Medical Centre and City Hospital (Paediatric),IBD348,,,216,Paediatric,England,,N/A,,,,,,,Note-Sept (same Trust),,NG7 2UH,,,
#johnradcliffe,,,John Radcliffe Hospital,IBD519,Oxford University Hospitals NHS Foundation Trust,IBD795,John Radcliffe and Horton General Hospitals,IBD324,,,219,Adult,England,INHOUSE,N/A,,,,,,,Not Yet Participating,,OX3 9DU,,,
#horton,,V02,Horton General Hospital,IBD995,Oxford University Hospitals NHS Foundation Trust,IBD795,John Radcliffe and Horton General Hospitals,IBD324,,,220,Adult,England,,N/A,,,,,,,Note-Sept (same Trust),,OX16 9AL,,,
#barnet,,,Barnet Hospital,IBD168,Royal Free London NHS Foundation Trust,IBD601,Chase Farm and Barnet Hospitals,IBD312,,,229,Adult,England,PMS,N/A,Grant paid,,,RAL26,,,Sent Sept (Trust lead site),,EN5 3DJ,,,Not Participating
#chasefarm,,,Chase Farm Hospital,IBD928,Royal Free London NHS Foundation Trust,IBD601,Chase Farm and Barnet Hospitals,IBD312,,,230,Adult,England,PMS,N/A,,,,,,,Note-Sept (same Trust),,EN2 8JL,,,
#sandwellbirmingham,,V02,Sandwell General Hospital,IBD922,Sandwell and West Birmingham Hospitals NHS Trust,IBD506,Birmingham City and Sandwell General Hospitals,IBD309,,,236,Adult,England,WDET,N/A,,,,,,,Signed (Same Trust),,B71 4HJ,,,
#birminghamcity,,V02,Birmingham City Hospital,IBD045,Sandwell and West Birmingham Hospitals NHS Trust,IBD506,Birmingham City and Sandwell General Hospitals,IBD309,,,237,Adult,England,WDET,N/A,,,,RXK01,,,Signed,,B18 7QH,,,Participating
#royalhall,,,Royal Hallamshire Hospital,IBD141,Sheffield Teaching Hospitals NHS Foundation Trust,IBD509,Royal Hallamshire and Northern General Hospitals,IBD353,,,239,Adult,England,INHOUSE,ACCESS RESCINDED,,,,RHQPH,,,Signed,Participating,S10 2JF,#sheffield,Yes,Participating
#northern,,,Northern General Hospital,IBD983,Sheffield Teaching Hospitals NHS Foundation Trust,IBD509,Royal Hallamshire and Northern General Hospitals,IBD353,,,240,Adult,England,INHOUSE,ACCESS RESCINDED,,,,,,,Signed (Same Trust),Participating,S5 7AT,,,
#kingsmill,,,King's Mill Hospital,IBD185,Sherwood Forest Hospitals NHS Foundation Trust,IBD511,King's Mill and Newark Hospitals,IBD328,,,241,Adult,England,PMS,N/A,,,,RK5BC,,Joined in year,Signed,,NG17 4JL,,,
#newark,,,Newark Hospital,IBD984,Sherwood Forest Hospitals NHS Foundation Trust,IBD511,King's Mill and Newark Hospitals,IBD328,,,242,Adult,England,PMS,N/A,,,,,,Joined in year,Signed (Same Trust),,NG24 4DE,,,
#jamescook,,,James Cook University Hospital,IBD012,South Tees Hospitals NHS Foundation Trust,IBD514,Friarage and James Cook University Hospitals,IBD317,,,248,Adult,England,PMS,N/A,,,,RTR,,Interested,Not Yet Participating,,TS4 3BW,,,Not Participating
#friarage,,,Friarage Hospital,IBD986,South Tees Hospitals NHS Foundation Trust,IBD514,Friarage and James Cook University Hospitals,IBD317,,,249,Adult,England,PMS,N/A,,,,,,,Note-Sept (same Trust),,DL6 1JG,,,
#dewsbury,,,Dewsbury and District Hospital,IBD903,The Mid Yorkshire Hospitals NHS Trust,IBD528,"Pindersfield, Dewsbury and District and Pontefract Hospitals",IBD341,,,276,Adult,England,,N/A,,,,RXF,,,Not Yet Participating,,WF13 4HS,,,Not Participating
#pinderfields,,,Pinderfields Hospital,IBD955,The Mid Yorkshire Hospitals NHS Trust,IBD528,"Pindersfield, Dewsbury and District and Pontefract Hospitals",IBD341,,,277,Adult,England,,N/A,,,,,,,Not Yet Participating,,WF1 4DG,,,Not Participating
#pontefract,,,Pontefract Hosptial,IBD956,The Mid Yorkshire Hospitals NHS Trust,IBD528,"Pindersfield, Dewsbury and District and Pontefract Hospitals",IBD341,,,278,Adult,England,,N/A,,,,,,,Not Yet Participating,,WF8 1PL,,,Not Participating
#newcastle,,,Royal Victoria Infirmary,IBD150,The Newcastle upon Tyne Hospitals NHS Foundation Trust,IBD714,Royal Victoria Infirmary and Freeman Hospitals,IBD356,,,279,Adult,England,CERNER,VEST ONLY,,,,NO ODS CODE,,Interested,Early progress,Declined,NE1 4LP,,,In Process
#freeman,,,Freeman Hospital,IBD835,The Newcastle upon Tyne Hospitals NHS Foundation Trust,IBD714,Royal Victoria Infirmary and Freeman Hospitals,IBD356,,,280,Adult,England,,N/A,,,,,,,Note-Sept (same Trust),,NE7 7DN,,,
#newcross,,,New Cross Hospital,IBD110,The Royal Wolverhampton Hospitals NHS Trust,IBD700,Cannock Chase and New Cross Hospitals,IBD310,,,286,Adult,England,WDET,WT&PV&VEST,,Non - Specific,IBD110,RL403,,,Sent Sept (Trust lead site),Participating,WV10 0QP,#wolverhampton,Yes,Combined Trust Participating
#cannockchase,,,Cannock Chase Hospital,IBD622,The Royal Wolverhampton Hospitals NHS Trust,IBD700,Cannock Chase and New Cross Hospitals,IBD310,,,287,Adult,England,WDET,WT&PV&VEST,,Non - Specific,IBD622,RL403,,,Note-Sept (same Trust),,WS11 5XY,,,Combined Trust Participating
#shrewsbury,,,Royal Shrewsbury Hospital,IBD097,The Shrewsbury and Telford Hospital NHS Trust,IBD532,Princess Royal and Royal Shrewsbury Hospitals,IBD344,,,288,Adult,England,WDET,WT&PV&VEST,,Non - Specific,,RXWAS,,,Sent Sept (Trust lead site),,SY3 8XQ,#shrewsbury,No,Not Participating
#princessst,,,Princess Royal Hospital,IBD954,The Shrewsbury and Telford Hospital NHS Trust,IBD532,Princess Royal and Royal Shrewsbury Hospitals,IBD344,,,289,Adult,England,WDET,WT&PV&VEST,,,,,,,Note-Sept (same Trust),,TF1 6TF,,,
#leicestergeneral,,,Leicester General Hospital,IBD631,University Hospitals of Leicester NHS Trust,IBD722,Leicester General and Leicester Royal Infirmary Hospitals,IBD330,,,313,Adult,England,PMS,N/A,,,,NO ODS CODE,,Interested,Sent Sept (Trust lead site),,LE5 4PW,,,Not Participating
#leicesterri,,,Leicester Royal Infirmary,IBD616,University Hospitals of Leicester NHS Trust,IBD722,Leicester General and Leicester Royal Infirmary Hospitals,IBD330,,,314,Adult,England,PMS,N/A,,,,NO ODS CODE,,Interested,Note-Sept (same Trust),,LE1 5WW,,,Not Participating
#leicestergeneral-p,,,Leicester General Hospital  (Paediatric),IBD445,University Hospitals of Leicester NHS Trust,IBD722,Leicester General and Leicester Royal Infirmary Hospitals (Paediatric),IBD329,,,315,Paediatric,England,PMS,N/A,,,,NO ODS CODE,,Interested,Note-Sept (same Trust),,LE5 4PW,,,Not Participating
#leicesterri-p,,,Leicester Royal Infirmary (Paediatric),IBD411,University Hospitals of Leicester NHS Trust,IBD722,Leicester General and Leicester Royal Infirmary Hospitals (Paediatric),IBD329,,,316,Paediatric,England,PMS,N/A,,,,NO ODS CODE,,Interested,Note-Sept (same Trust),,LE1 5WW,,,Not Participating
#royalsussex,,,Royal Sussex County Hospital,IBD055,University Hospitals Sussex NHS Foundation Trust,IBD644,Royal Sussex County and Princess Royal Hospitals,IBD355,,,326,Adult,England,WDET,WT&VEST,,,,RXH01,,,Signed,Participating,BN2 5BE,#royalsussex,Yes,Participating
#princessroyalS,,,Princess Royal Hospital,IBD834,University Hospitals Sussex NHS Foundation Trust,IBD644,Royal Sussex County and Princess Royal Hospitals,IBD355,,,327,Adult,England,WDET,WT&VEST,,,,,,,Signed (Same Trust),,RH16 4EX,,,
#worthing,,V02,Worthing Hospital,IBD969,University Hospitals Sussex NHS Foundation Trust,IBD644,St Richard's and Worthing Hospitals,IBD357,,,328,Adult,England,INHOUSE,N/A,,,,,,,Signed (Same Trust),,BN11 2DH,,,
#strichard,,V02,St Richard's Hospital,IBD904,University Hospitals Sussex NHS Foundation Trust,IBD644,St Richard's and Worthing Hospitals,IBD357,,,329,Adult,England,INHOUSE,N/A,,,,RYR,,,Signed (Same Trust),Invitation,PO19 6SE,,,Not Participating
#arrowe,,,Arrowe Park Hospital,IBD905,Wirral University Teaching Hospital NHS Foundation Trust,IBD651,Arrowe Park and Clatterbridge Hospitals,IBD306,,,341,Adult,England,CERNER,N/A,,,,RBL,,,Not Yet Participating,,CH49 5PE,,,
#clatterbridge,,,Clatterbridge Hospital,IBD990,Wirral University Teaching Hospital NHS Foundation Trust,IBD651,Arrowe Park and Clatterbridge Hospitals,IBD306,,,342,Adult,England,CERNER,N/A,,,,,,,Not Yet Participating,,CH63 4JY,,,
#alexandra,,V02,"Alexandra Hospital, Redditch",IBD812,Worcestershire Acute Hospitals NHS Trust,IBD652,"Worcestershire Royal Hospital and Alexandra Hospital, Redditch",IBD367,,,343,Adult,England,,N/A,,,,,,,Signed (Same Trust),,B98 7UB,,,
#worcester,,V02,Worcestershire Royal Hospital,IBD005,Worcestershire Acute Hospitals NHS Trust,IBD652,"Worcestershire Royal Hospital and Alexandra Hospital, Redditch",IBD367,,,344,Adult,England,INHOUSE,N/A,Grant paid,,,RWP50,,,Signed,,WR5 1DD,,,Not Participating
#albertedward,,V02,Royal Albert Edward Infirmary,IBD153,"Wrightington, Wigan and Leigh NHS Foundation Trust",IBD653,Royal Albert Edward Infirmary and Leigh Infirmary Hospitals,IBD349,,,345,Adult,England,INHOUSE,N/A,,,,RRF02,,,Sent Sept (Trust lead site),Invitation,WN1 2NN,,,Not Participating
#leigh,,V02,Leigh Infirmary,IBD925,"Wrightington, Wigan and Leigh NHS Foundation Trust",IBD653,Royal Albert Edward Infirmary and Leigh Infirmary Hospitals,IBD349,,,346,Adult,England,INHOUSE,N/A,,,,,,,Note-Sept (same Trust),,WN7 1HS,,,
#NEScotland,,,,,,IBD407,North East Scotland Paediatric Network,IBD338,,,351,Paediatric,Scotland,WDET,N/A,,,,,,,Sent Sept (Trust lead site),Scotland,,,,
,,,,,,,,,,,,,,,,,,,,,,,,,,,
